Data;Hora;Temp (C);Temp_Max (C);Temp_Min (C);Umid (%);Umid_Max (%);Umid_Min (%);PO (C);PO_Max (C);PO_Min (C);Pressao (hPa);Pressao_Max (hPa);Pressao_Min (hPa);VelVento_S_WVT (m/s);VelVento_Max (m/s);DirVento_D1_WVT (Deg);RadTot (KJ/mÂ²);Chuva_Tot (mm)
01/11/2025;00;19,4;19,6;19,4;89,6;89,7;88,8;17,7;17,9;17,5;1015;1015,2;1014,8;0,4;2,3;11;0;1,27
01/11/2025;01;19,5;19,6;19,3;89,9;89,9;89,4;17,8;17,9;17,5;1014;1014,8;1014,2;0,4;1,3;99;0;0
01/11/2025;02;19,7;19,9;19,5;89,3;89,9;88,4;17,9;18,2;17,5;1014;1014,3;1013,6;0,8;3,9;49;0;0,51
01/11/2025;03;19,3;19,8;19,3;90;90;89,2;17,6;18,2;17,4;1013;1013,7;1013,4;0,3;1,8;79;0;0
01/11/2025;04;19,2;19,3;18,8;90;90,2;89,8;17,5;17,7;17,1;1014;1013,6;1013,4;0,4;1,2;69;0;0
01/11/2025;05;18,6;19,2;18,6;90,1;90,3;89,8;17;17,6;16,9;1014;1013,7;1013,4;0,3;1,7;57;0;0
01/11/2025;06;19,1;19,1;18,3;90,2;90,2;89,8;17,4;17,4;16,6;1014;1014,2;1013,6;0,5;1,9;48;55,9;0
01/11/2025;07;20;20;19,1;89,2;90,2;89;18,1;18,4;17,2;1015;1014,9;1014,2;0,7;2,6;356;381,5;0
01/11/2025;08;22,4;22,5;19,9;85,1;89,4;84,7;19,8;20,7;17,2;1016;1015,5;1014,9;0,9;3,8;337;1615,4;0
01/11/2025;09;23,5;24,3;21,7;79,1;85,5;77,5;19,7;21,8;17,6;1016;1015,8;1015,5;1,1;3,3;336;2490,8;0
01/11/2025;10;24,3;24,8;23;73,8;79,3;73;19,4;20,9;17,9;1015;1015,7;1015,1;1,8;5;341;3202,7;0
01/11/2025;11;25;26,3;24,2;71,5;74,8;68,7;19,5;21,5;18;1014;1015,1;1014,3;2,2;6,8;0;3663,4;0
01/11/2025;12;26;26,5;24,4;71,7;73,6;69,8;20,5;21,4;18,5;1014;1014,5;1013,6;2,7;8,6;2;3918,3;0
01/11/2025;13;26,4;27;25,2;69,3;75,2;68,1;20,3;22,3;18,9;1013;1013,6;1012,7;2,2;6,8;340;3905,9;0
01/11/2025;14;26,6;27,8;25,9;69,3;71,6;67;20,5;22,2;19,3;1012;1012,8;1011,8;2,7;7,1;335;3605,9;0
01/11/2025;15;25,9;27,3;25,7;70,1;71,5;67;20,1;21,7;19,1;1011;1011,8;1011;3,2;7,4;344;2897,9;0
01/11/2025;16;24,5;26,7;24,3;74;74,8;68,4;19,5;21,9;18,1;1011;1011,2;1010,9;3,2;7,9;343;1848,4;0
01/11/2025;17;23,4;24,6;23,1;79;79,7;73,9;19,5;20,9;18,2;1011;1011,4;1010,9;2,6;7,4;357;770,6;0
01/11/2025;18;22,7;23,5;22,6;81,5;82;78,6;19,4;20,2;18,7;1011;1011,7;1011,1;2,5;7,9;359;301,7;0
01/11/2025;19;22,1;22,7;22,1;83,4;83,6;81,1;19,2;19,8;18,7;1012;1011,9;1011,2;2;6,8;10;31,9;0
01/11/2025;20;21,9;22,2;21,9;85,2;85,5;83,4;19,3;19,7;18,9;1012;1012,1;1011,7;2;6,1;6;0;0
01/11/2025;21;21,9;22;21,8;86,4;86,6;84,2;19,5;19,7;19;1013;1013,3;1012;1,7;6;357;0;0
01/11/2025;22;22;22;21,8;86,1;86,7;85,9;19,6;19,7;19,3;1014;1014;1012,9;1,6;5;356;0;0
01/11/2025;23;22;22,1;22;86,5;86,6;85,9;19,6;19,7;19,5;1013;1014,2;1013,3;1,8;5,5;357;0;0
02/11/2025;00;21,8;22;21,7;87;87,1;86,4;19,5;19,8;19,4;1013;1013,5;1012,7;1,6;4,8;13;0;0
02/11/2025;01;21,7;21,8;21,7;87,3;87,4;87;19,5;19,6;19,4;1012;1012,7;1012;1,4;5,5;11;0;0
02/11/2025;02;21,6;21,8;21,6;87,8;87,9;87,1;19,5;19,7;19,3;1010;1012;1010,3;1,5;4,8;10;0;0
02/11/2025;03;21,9;21,9;21,6;87,1;88;87,1;19,6;19,8;19,3;1011;1010,8;1010;1,3;5,1;351;0;0
02/11/2025;04;21,9;22;21,8;87,4;87,5;87,1;19,7;19,8;19,5;1011;1011,3;1010,7;0,5;3;247;0;0
02/11/2025;05;21,4;21,9;21,4;88;88,3;86,7;19,3;19,8;19;1011;1010,9;1010,4;1,1;3,7;94;0;0,25
02/11/2025;06;21,2;21,6;21,1;89,2;89,2;87,1;19,4;19,7;18,9;1012;1012,1;1010,8;0,4;2,5;68;2,8;2,29
02/11/2025;07;21,4;21,4;21,2;89,2;89,6;89,2;19,6;19,6;19,3;1012;1012,3;1011,4;1,6;5,8;26;182,4;1,02
02/11/2025;08;22,7;22,8;21,3;86,9;89,3;86,8;20,4;20,9;19;1011;1011,6;1010,9;1,3;6,3;359;912,2;0
02/11/2025;09;23;23,2;22,3;85,9;87,8;85,3;20,5;21,1;19,7;1011;1011,1;1010,6;2;5,9;353;1579,4;0
02/11/2025;10;23,8;24;22,6;82,6;86;82,2;20,6;21,6;19,4;1011;1010,9;1010,6;2,2;7,9;357;1846,8;0
02/11/2025;11;24,9;25,3;23,7;77,6;83;77,5;20,8;22,2;19,5;1011;1011,2;1010,6;1,7;7,5;343;2236,3;0
02/11/2025;12;24,5;25,1;24,2;77,7;79,9;76,4;20,3;21,4;19,8;1011;1011,6;1011;2;8;348;1727,3;0
02/11/2025;13;24,3;25,5;23,9;79,1;79,5;75,4;20,5;21,7;19,3;1011;1011,3;1010,7;1,9;5,3;346;1828,7;0
02/11/2025;14;24;24,5;23,5;77,2;80,4;76,1;19,7;20,9;19,1;1010;1010,8;1010;1,9;5,4;343;1497,1;0
02/11/2025;15;23,8;24,5;23,2;77,2;79,7;76,4;19,6;20,8;18,8;1009;1010,2;1009,3;2,1;6,4;345;1955,9;0
02/11/2025;16;23,7;25,2;23,3;76,8;78,4;74,1;19,4;21,2;18,4;1009;1009,4;1008,8;2;5,9;4;2068,3;0
02/11/2025;17;24,4;25;23,7;73,8;77,5;71,6;19,4;20,8;18,3;1008;1008,9;1008,2;1,8;5,6;346;1272,5;0
02/11/2025;18;23,4;25;23,4;77,9;78;72,5;19,3;20,9;18,1;1009;1008,6;1008,1;1,8;4,5;335;515,9;0
02/11/2025;19;22,5;23,4;22,5;83,2;83,2;77,7;19,5;20,4;18,4;1009;1009,2;1008,5;0,9;2,2;19;39,8;0
02/11/2025;20;22,2;22,4;22;85,6;85,8;83,9;19,7;19,9;19,1;1010;1010;1009,3;0,4;1,3;84;0;0
02/11/2025;21;22,4;22,4;22,1;84,4;86,1;84,4;19,7;20;19,4;1011;1011;1010;1;2,6;125;0;0
02/11/2025;22;21,6;22,5;21,5;86,6;86,8;84;19,3;20,2;18,7;1011;1011,2;1010,7;1,8;4,3;112;0;0
02/11/2025;23;21,7;21,8;21,6;85,9;86,6;85,6;19,2;19,4;19,1;1011;1011,2;1010,9;1,5;3,1;102;0;0
03/11/2025;00;21,4;21,7;21,3;86,5;86,9;85,8;19,1;19,4;18,9;1011;1011,2;1010,8;1,4;4;92;0;0
03/11/2025;01;21,5;21,6;21,4;86,2;86,6;85,9;19,1;19,3;19;1010;1010,8;1009,7;0,9;2,5;155;0;0
03/11/2025;02;21,4;21,6;21,4;87,1;87,1;86,1;19,1;19,3;18,9;1009;1009,7;1009,2;0,7;2,1;189;0;0
03/11/2025;03;21,3;21,4;21,3;87,6;87,6;86,8;19,2;19,3;19;1009;1009,3;1008,8;0,4;1,1;101;0;0
03/11/2025;04;20,7;21,4;20,6;88,2;88,3;87,4;18,7;19,3;18,5;1009;1008,8;1008,6;1,3;4,1;114;0;0
03/11/2025;05;20,4;20,9;20,4;88,7;88,7;87,5;18,5;18,9;18,2;1009;1008,8;1008,5;2;4,3;109;0;0
03/11/2025;06;20,8;20,8;20,3;87,4;88,8;87,4;18,6;18,9;18,1;1010;1009,6;1008,6;1,4;4,3;142;16,9;0
03/11/2025;07;20,8;21;20,6;88,6;88,6;87,2;18,8;19,1;18,4;1010;1010,5;1009,6;1,1;4;151;216,1;0
03/11/2025;08;22,4;22,5;20,6;84,9;88,8;83,9;19,7;20,6;17,8;1011;1011;1010,5;1,2;2,8;181;765,3;0
03/11/2025;09;22,7;23;21,9;81,2;86,5;81,2;19,3;20,6;18,5;1011;1011,1;1010,9;1,6;3,3;186;847,2;0
03/11/2025;10;24,5;25,3;22,7;75,1;81,6;73,3;19,8;21,9;17,7;1011;1011,1;1010,8;1,3;4,3;201;2019,8;0
03/11/2025;11;25,3;25,6;24,1;71,8;76,5;71,6;19,9;21,1;18,6;1011;1011;1010,7;1,5;3,8;203;;0
03/11/2025;12;26,6;26,8;25;66,5;73,3;65;19,8;21,6;18;1010;1011;1010;1,6;4,6;192;;0
03/11/2025;13;24,6;27,2;24,4;68,6;70,8;64,6;18,4;21,4;17,3;1010;1010,2;1009,9;1,5;6,2;124;1527,5;0
03/11/2025;14;22,9;24,9;22,6;81,3;81,4;67,2;19,5;21,5;16,3;1011;1011,3;1009,9;2;6,5;209;566,2;0
03/11/2025;15;;;;;;;;;;1010;1012,1;1010,1;2,3;9,1;186;686;21,59
03/11/2025;16;20,8;;;23,9;;;-0,5;;;1010;1010,6;1009,2;2;7,1;194;605,3;0,25
03/11/2025;17;21,7;21,7;20,8;51,4;58,4;22,1;11,2;13,2;-1,6;1010;1009,7;1009;1,8;4,5;185;622,3;0
03/11/2025;18;21,8;22,1;21,4;73,8;74,7;50,6;17;17,4;10,8;1011;1010,8;1009,5;0,9;3,1;207;420,6;0
03/11/2025;19;21,4;21,9;21,3;76,1;76,3;72,7;17;17,5;16,2;1011;1011;1010,5;0,7;2,4;152;72,6;0
03/11/2025;20;21;21,4;20,6;75,9;76,5;71;16,5;17,1;15,2;1011;1011,1;1010,5;1;2,3;141;0;0
03/11/2025;21;20,3;21,2;20,3;68,8;76,7;68,7;14,4;16,9;14,3;1012;1011,9;1011;0,7;2,4;138;0;0
03/11/2025;22;20,3;20,4;19,9;68,8;70,6;63,9;14,4;14,8;12,9;1012;1012,2;1011,8;0,3;1,5;117;0;0
03/11/2025;23;20,4;20,4;20,2;67;70;67;14,1;14,8;13,9;1012;1012,3;1011,9;0,2;1,3;91;0;0
04/11/2025;00;20,3;20,6;20,2;51,5;67,2;51,2;9,9;14,3;9,8;1012;1012,1;1011,7;0,6;1,5;100;0;0
04/11/2025;01;20;20,4;20;46,5;52,2;45,8;8,2;10,2;7,9;1011;1011,7;1011,5;0,6;1,5;110;0;0
04/11/2025;02;19,5;20,1;19,5;43,8;46,7;42,9;6,9;8,3;6,6;1011;1011,5;1010,9;0,4;1,3;103;0;0
04/11/2025;03;19,3;19,5;19,2;42,1;44,8;40,7;6,1;7,2;5,5;1010;1010,9;1010,4;0,3;1,2;101;0;0
04/11/2025;04;18,9;19,5;18,8;41;44,3;41;5,3;7;5,3;1010;1010,6;1010,3;0,3;1,2;95;0;0,25
04/11/2025;05;19,1;19,1;18,6;36,8;43,2;36,7;4;6,3;3,5;1011;1011,2;1010,5;0,2;1,1;79;0;0
04/11/2025;06;19,9;20;19,1;42;42,7;34,9;6,6;6,9;3,2;1011;1011,4;1010,9;0,2;1,4;106;72,9;0
04/11/2025;07;21;21;19,9;70,4;70,4;42,1;15,4;15,4;6,6;1012;1012,3;1011,3;0,3;1,5;115;373,5;0
04/11/2025;08;22,2;22,3;20,8;80,7;80,9;70,7;18,7;18,9;15,3;1013;1012,9;1012,3;0,5;1,5;143;864,4;0
04/11/2025;09;23,5;24,2;22;77;81;74,9;19,2;20,8;17,4;1013;1013,4;1012,9;1,1;3,1;356;1965,6;0
04/11/2025;10;24,8;25,3;23,3;74,2;77,9;71,5;19,9;21,1;17,8;1013;1013,3;1013;1,3;4,7;330;3302,4;0
04/11/2025;11;25,4;26,9;24,3;72,1;76,6;69,1;20;22,4;18,3;1013;1013,2;1012,7;1,7;5,3;336;;0
04/11/2025;12;26,2;27,1;24,7;70,1;73,2;67,1;20,3;21,9;18,2;1012;1012,7;1011,6;2;6;352;;0
04/11/2025;13;26,1;27,6;25,5;70,2;72,5;67,4;20,2;22,2;19;1011;1011,7;1010,9;2,9;7,4;348;;0
04/11/2025;14;26,8;27,7;25,7;68,5;71,8;67,2;20,5;22,2;19,2;1010;1010,9;1010;2,9;6,9;335;3609,5;0
04/11/2025;15;26,9;27,8;26,1;69,9;72,3;67,5;20,9;22,4;19,6;1009;1010,1;1009,1;2,9;7,1;335;3054,7;0
04/11/2025;16;26,1;27,3;25,6;71,8;72,7;68,1;20,6;22;19,3;1009;1009,3;1008,4;3,2;7,6;333;2368,4;0
04/11/2025;17;25;26,4;25;75,7;76,2;71,2;20,4;21,9;19,4;1008;1008,7;1007,9;3,1;7,9;339;1458,9;0
04/11/2025;18;23,9;25,3;23,8;80,3;81;75,5;20,3;21,8;19,2;1008;1008,5;1008;2,6;7,3;341;306,5;0
04/11/2025;19;23;23,9;22,9;81,1;81,8;79,8;19,6;20,6;19,2;1009;1009,4;1008,4;2,4;6,2;1;34,8;0
04/11/2025;20;22,8;23;22,7;80,3;81,3;80;19,2;19,6;19,1;1010;1010,4;1009,3;2,3;6,2;13;0;0
04/11/2025;21;22,9;23;22,6;80,6;80,8;80,2;19,3;19,5;19;1011;1011,1;1010,4;2,1;5,7;4;0;0
04/11/2025;22;22,9;22,9;22,7;80,5;80,7;79,8;19,3;19,4;19;1011;1011,3;1011,1;1,4;5,3;8;0;0
04/11/2025;23;22,7;23;22,7;80,8;81;80,3;19,2;19,5;19,1;1011;1011,5;1011,2;1,6;6,5;12;0;0
05/11/2025;00;22,5;22,7;22,5;79;80,8;78,7;18,7;19,3;18,6;1011;1011,3;1010,8;1,5;5,3;359;0;0
05/11/2025;01;22,7;22,8;22,5;79,8;79,9;78,1;19,1;19,1;18,5;1010;1010,8;1010;1,1;4,1;353;0;0
05/11/2025;02;22,6;22,8;22,6;79,4;79,9;79,2;18,9;19,2;18,8;1009;1010,1;1009,5;1;4,7;331;0;0
05/11/2025;03;22,7;22,7;22,6;80;80,5;79,2;19,1;19,2;18,8;1009;1009,5;1008,6;0,9;3,3;336;0;0
05/11/2025;04;22,9;22,9;22,7;80,6;80,8;80;19,3;19,4;19,1;1008;1008,7;1008,3;0,9;5,7;332;0;0
05/11/2025;05;22,8;22,9;22,7;80,9;81,2;80,5;19,3;19,5;19,2;1008;1008,4;1007,9;0,9;3,6;339;0;0
05/11/2025;06;22,7;22,8;22,5;79,9;81;79,6;19;19,3;18,8;1008;1008,2;1007,1;1,5;6,3;360;60,8;0
05/11/2025;07;23,4;23,4;22,7;81,2;81,2;79,6;20;20;19;1008;1008,5;1007,8;0,9;4,4;357;247,1;0
05/11/2025;08;24,5;25,3;23,2;80,8;81,8;79,7;21;21,9;19,5;1008;1008,3;1007,9;2;6,2;13;1580,7;0
05/11/2025;09;26,3;26,7;24,4;74,7;80,9;74,3;21,4;23,1;19,5;1008;1008,4;1007,9;2,2;6,8;354;2233,7;0
05/11/2025;10;27,5;28,3;26,2;72,4;76,5;70,8;22,1;23,7;20,4;1007;1008,3;1007,3;2;5,3;348;2896,9;0
05/11/2025;11;29,3;30;27,3;65,7;73,2;64,6;22,2;24,7;20;1007;1007,4;1006,8;2;4,9;6;3509;0
05/11/2025;12;32,3;32,6;29,2;57,2;66,2;55,5;22,8;25,5;19,4;1007;1007,1;1006,8;1,8;4,4;357;3572,2;0
05/11/2025;13;34,5;34,9;31,6;46,2;59,2;44,9;21,3;25,7;18,2;1007;1007;1006,4;1,6;4,3;341;3692,1;0
05/11/2025;14;28,1;35,4;27,9;66,8;66,8;43,4;21,3;28,3;14,3;1008;1007,8;1006,3;3,2;15,2;215;2893,6;0
05/11/2025;15;25,3;28,1;25;70,6;74,5;66,6;19,6;23,1;18,4;1007;1007,9;1007,1;5,7;16,5;220;2707,2;0
05/11/2025;16;25,6;25,8;24,5;68,4;71,6;68,4;19,4;20,2;18,3;1008;1008;1007,2;5,8;13,8;214;2000;0
05/11/2025;17;25,3;26,4;25,1;67,2;69,9;65,4;18,8;20,5;18,1;1009;1009;1007,9;5,3;13,4;199;1323,4;0
05/11/2025;18;24,1;25,4;24,1;68,9;69;67,2;18;19,3;17,6;1010;1009,6;1008,6;5,6;12,6;189;240,7;0
05/11/2025;19;23,1;24,2;23,1;70,1;71,5;68,7;17,4;18,7;17;1011;1011,1;1009,5;5,5;12,5;183;50,2;0
05/11/2025;20;22,1;23,2;22,1;64,7;70,4;64,3;15,2;17,5;15,1;1012;1012,1;1010,9;6,3;14,4;184;0;0
05/11/2025;21;21,5;22,2;21,4;66,8;67,3;61,3;15;15,8;13,6;1013;1012,6;1011,7;6,6;15,3;180;0;0
05/11/2025;22;21;21,5;21;67,4;67,4;65,1;14,7;15,2;14,2;1013;1013,3;1012,3;6,7;18,8;177;0;0
05/11/2025;23;20,6;21;20,5;70;70,3;66,8;15;15,4;14,1;1014;1013,8;1012,9;6,2;14,8;179;0;0
06/11/2025;00;20,3;20,6;20,3;70;71,9;69,3;14,7;15,3;14,4;1014;1014,4;1013,5;5,1;13,2;179;0;0
06/11/2025;01;20,2;20,4;20,1;69,1;70,1;67,5;14,3;14,8;13,9;1014;1014,4;1013,9;4,1;12,1;180;0;0
06/11/2025;02;20;20,2;19,9;68;70,2;67,4;13,9;14,6;13,6;1014;1014,6;1014,2;3,8;10,7;172;0;0
06/11/2025;03;19,3;20;19,3;72,1;72,1;67,4;14,2;14,8;13,2;1015;1014,9;1014,3;3,4;7,8;170;0;0
06/11/2025;04;19;19,4;18,8;73,4;74,6;71,3;14,1;14,8;13,5;1015;1015,1;1014,7;3;6,9;161;0;0
06/11/2025;05;18,7;19;18,7;74,5;75,9;73,2;14,1;14,6;13,8;1015;1015,4;1014,8;4,1;7,6;169;0;0
06/11/2025;06;18,7;18,8;18,5;73,5;75,1;73,1;13,9;14,3;13,6;1016;1016,1;1015,3;3,8;7,9;170;38,5;0
06/11/2025;07;19,9;20;18,7;68,4;73,7;68,2;13,9;15,1;12,7;1017;1017,1;1016,1;3,3;7,6;179;569,9;0
06/11/2025;08;20,7;21,5;19,6;65,8;69,5;63,6;14,1;15,6;12,5;1018;1017,6;1017;3,4;7;179;1696,2;0
06/11/2025;09;22,7;23;20,4;57,2;66,6;56,1;13,8;16,5;11,3;1018;1017,9;1017,5;2,9;8,2;187;2483,6;0
06/11/2025;10;22,6;23,6;21,6;54;59,5;54;12,8;15,3;11,9;1018;1017,9;1017,5;3,4;9,5;200;3507,8;0
06/11/2025;11;23,5;24,6;22,3;57,3;60,4;53,7;14,6;16,5;12,5;1017;1017,7;1017,2;2,3;6,6;216;3952,1;0
06/11/2025;12;23,7;24,7;22,2;55,5;60,4;52,7;14,2;16,5;12,1;1017;1017,3;1016,6;2,4;11,1;227;4174,8;0
06/11/2025;13;23,5;25;22,7;50,6;56,8;47,7;12,6;15,8;11;1016;1016,9;1016,1;2,7;9,3;218;4156,9;0
06/11/2025;14;25,1;25,1;22,9;41,7;53;41,5;11,2;14,8;9,1;1016;1016,2;1015,7;2,7;8,4;221;3831,5;0
06/11/2025;15;22,7;25;22,3;51,8;52,5;40,4;12,3;14,6;8,2;1016;1016;1015,5;2,8;9,8;224;3261,6;0
06/11/2025;16;22,5;23,5;21,8;56,8;58,8;50,1;13,5;15;11;1015;1015,7;1014,7;3;10,4;223;2476,6;0
06/11/2025;17;21,2;22,9;21;58,6;62,1;55,5;12,8;15,3;11,8;1015;1015,2;1014,8;2,8;8,1;223;1518,5;0
06/11/2025;18;20,5;21,7;20,3;67,7;68,1;58,1;14,3;15,5;11,8;1015;1015,4;1015,1;1,4;6,1;227;374,3;0
06/11/2025;19;19,7;20,5;19,7;73,4;73,5;67,5;14,8;15,6;13,5;1015;1015,6;1015,2;2,1;7,1;212;32;0
06/11/2025;20;19,6;19,8;19,5;74,7;75;73,2;14,9;15,3;14,6;1016;1016;1015,2;2,2;6,9;205;0;0
06/11/2025;21;19,5;19,7;19,4;75,8;76,6;74,4;15,1;15,5;14,7;1016;1016,1;1015,8;1,5;4,6;195;0;0
06/11/2025;22;19,5;19,6;19,4;74,3;76,9;74,3;14,8;15,4;14,7;1016;1016,3;1015,9;1,3;2,8;165;0;0
06/11/2025;23;18,5;19,6;18,5;79,3;79,4;74;14,9;15,9;13,8;1016;1016,2;1015,7;1;2,5;139;0;0
07/11/2025;00;18,1;18,7;18;80,2;81;78,7;14,7;15,3;14,2;1015;1015,8;1015,2;0,7;1,7;86;0;0
07/11/2025;01;19;19;18;76,6;80,8;76,3;14,8;15,7;13,7;1015;1015,4;1014,9;0,7;2,3;110;0;0
07/11/2025;02;18,5;19,2;18,5;79,4;79,4;75,9;14,9;15,5;14,2;1014;1014,9;1014,1;0,7;1,8;100;0;0
07/11/2025;03;18,4;18,5;18,1;80,6;81,3;79,4;15;15,2;14,4;1014;1014,2;1013,7;0,7;1,9;84;0;0
07/11/2025;04;18,9;19;18,3;79,4;80,4;74,8;15,2;15,6;13,8;1014;1013,8;1013,2;0,7;4,4;52;0;0
07/11/2025;05;19;19,1;18,9;74,5;80;74,3;14,3;15,6;14,2;1014;1014;1013,5;0,7;3,1;65;0;0
07/11/2025;06;19;19,1;18,9;81;81,1;73,9;15,7;15,8;14,1;1014;1014,3;1013,9;0,7;2,2;108;25,2;0
07/11/2025;07;19,5;19,7;19;79,2;81;78,7;15,8;16,3;15,2;1015;1014,6;1014;0,8;2,6;73;238,1;0
07/11/2025;08;20,6;20,7;19,4;76,3;79,3;75,9;16,3;17;15,1;1014;1014,6;1014,2;1,1;2,5;160;651,5;0
07/11/2025;09;20,8;21,1;20,1;74,6;76,9;73,4;16,1;16,9;15,2;1013;1014,5;1013,5;1,1;2,8;189;954,1;0
07/11/2025;10;20,7;21,8;20,6;77;77,6;71,5;16,6;17,7;15,3;1013;1013,5;1012,9;1,1;3,1;204;860,8;0
07/11/2025;11;21,3;22,2;20;78,1;82,2;76;17,3;19;15,6;1011;1013;1011;1,4;5,7;354;1434,2;0
07/11/2025;12;19,7;21,3;19,7;80,7;82,9;78,2;16,3;18,3;15,8;1010;1011,3;1009,7;1,6;4,7;335;437;0
07/11/2025;13;19,3;20,5;19,3;77,5;81,7;77,5;15,3;17,3;15,3;1009;1009,7;1008,7;1,3;4,8;344;328,7;1,02
07/11/2025;14;19,1;19,4;19;74,7;77,5;70,1;14,5;15,3;13,4;1010;1010,5;1009,3;1,2;5,8;357;152,3;3,05
07/11/2025;15;18,9;19,3;18,8;80,6;80,6;71,8;15,5;15,9;13,6;1008;1010,4;1007,1;1,2;5,8;1;233,3;3,56
07/11/2025;16;18,8;19,4;18,7;81,4;83,1;80,3;15,6;16,4;15,2;1006;1008,9;1005,6;2,1;7;339;103,2;2,54
07/11/2025;17;19;19,3;18,7;83,4;84;81,3;16,1;16,6;15,4;1005;1006,6;1005,2;2,4;8,7;331;165,8;1,52
07/11/2025;18;19,7;19,7;18,9;80,9;83,8;80,6;16,3;16,9;15,5;1005;1005,5;1004,6;3,1;8,5;320;41,5;0,25
07/11/2025;19;19,2;19,9;19,1;84,5;84,6;80,9;16,6;17,2;15,8;1005;1005;1004,5;2,3;8,3;329;3;1,78
07/11/2025;20;18,3;19,4;18,2;50,8;84,8;45,5;7,9;16,8;6,2;1006;1006,4;1004,7;1,7;5,5;328;0;5,84
07/11/2025;21;18,1;18,7;18,1;69,1;75,4;50,3;12,3;14,3;7,6;1005;1007,8;1005,3;1,9;8;317;0;10,41
07/11/2025;22;17,6;18,1;17,5;79,5;80,7;66,2;14;14,7;11,1;1005;1005,8;1004,4;2,9;9,6;326;0;9,4
07/11/2025;23;18,2;18,3;17,5;78,5;81,3;76,6;14,4;15;13,4;1005;1005,5;1004,4;1,8;6,5;323;0;3,56
08/11/2025;00;18,1;18,3;17,9;76,2;79,4;73,6;13,8;14,7;13,1;1004;1004,6;1003,8;1,7;6,3;321;0;5,33
08/11/2025;01;18,7;18,7;18;70,3;77,1;70,3;13,1;14,6;12,5;1002;1003,8;1002;1,9;6,2;326;0;2,79
08/11/2025;02;19,1;19,1;18,7;61;70,5;60,8;11,4;13,6;10,9;1000;1002,2;999,7;1,3;5,3;351;0;0,76
08/11/2025;03;19,5;19,6;19,1;61,9;67,4;60,8;12;13,4;11,3;999;999,8;998,9;1,4;6,3;1;0;0,51
08/11/2025;04;19,8;19,8;19,5;54,2;61,9;54,2;10,2;12,3;10;999;999,4;998,9;1;3,4;9;0;0,51
08/11/2025;05;19,9;19,9;19,7;54;54,3;49,7;10,4;10,4;8,9;999;999;998,4;0,8;3,4;349;0;1,02
08/11/2025;06;20,1;20,1;19,8;59,2;60,4;54,4;11,9;12,2;10,4;998;998,5;998;0,4;2,5;323;61,5;0
08/11/2025;07;20,6;21;19,9;71,9;74;59;15,4;16,2;11,6;999;999;998,3;0,6;2,7;324;545,6;0
08/11/2025;08;23,5;23,8;20,5;78,5;82,6;70,8;19,5;20,7;15;999;999,1;998,7;1;3,5;346;1825,7;0
08/11/2025;09;26,3;26,5;23,1;59;80,2;59;17,6;22,8;14,6;1000;999,6;998,7;1,3;4,8;315;2646,3;0
08/11/2025;10;27,3;27,8;25,8;60,3;63,4;55,3;18,9;20,2;16,1;1000;1000,2;999,5;1,5;5;243;2637,2;0
08/11/2025;11;26,7;27,5;25,9;62,2;68,5;59;18,9;21,1;17,2;1001;1001;1000,1;2,2;5,5;181;;0
08/11/2025;12;26,6;27,7;25,6;60,5;69,2;57,6;18,4;21,5;16,6;1003;1002,8;1000,9;2,3;9,8;185;;0
08/11/2025;13;20,6;;;78;;;16,6;;;1006;1005,8;1002,6;5,5;14,6;182;;1,27
08/11/2025;14;20,7;22;;81,5;84;;17,4;19,2;;1007;1007,5;1005,6;7,3;16,8;184;932,4;1,27
08/11/2025;15;21,3;22,4;;82,6;86,1;;18,2;20;;1008;1008,3;1007,2;5,3;13,6;189;1045,3;0,76
08/11/2025;16;23;28,5;;83;87,2;;19,9;26,1;;1009;1008,9;1007,8;4,7;13,7;191;2297;0
08/11/2025;17;22,4;24;;80,6;85,2;;18,9;21,4;;1010;1009,9;1008,8;4,9;11,1;187;1309;0
08/11/2025;18;21,6;22,7;;85,7;86,6;;19,1;20,3;;1011;1011,1;1009,8;4,1;12,2;179;460;0
08/11/2025;19;20,7;21,9;;86,3;87,4;;18,4;19,7;;1012;1012,2;1011;4;10,2;183;68,4;0
08/11/2025;20;20,6;21;;82,6;86,5;;17,6;18,7;;1013;1013,1;1012,1;3,3;9,6;179;0;0
08/11/2025;21;20,2;20,9;;88,1;89,6;;18,2;19,2;;1014;1014,3;1013;3,1;10,1;170;0;0
08/11/2025;22;20,1;20,3;;87,6;89,1;;18;18,5;;1015;1015,4;1014,1;3,2;7,1;166;0;0
08/11/2025;23;19,1;20,1;;87,6;89,7;;17;18,4;;1016;1015,9;1015,4;3,1;8,4;182;0;0
09/11/2025;00;19,3;19,3;;88,5;88,9;;17,3;17,4;;1016;1015,9;1015,5;2,4;6,4;172;0;0,25
09/11/2025;01;19,5;19,7;;89,5;89,6;;17,7;17,9;;1015;1015,9;1015,4;1,7;4,8;159;0;0
09/11/2025;02;19,6;19,8;;87,8;89,8;;17,6;18,1;;1016;1015,5;1015,3;1,7;3,6;139;0;0
09/11/2025;03;19,3;19,7;;87,1;89,4;;17,1;17,9;;1016;1015,8;1015,5;2,4;6,7;191;0;0
09/11/2025;04;19,2;19,4;;88,9;89,2;;17,4;17,6;;1016;1015,8;1015,4;1,7;4,8;170;0;0
09/11/2025;05;19,5;19,6;;88,2;89,4;;17,4;17,8;;1016;1016,4;1015,8;2,1;4,8;162;0;0
09/11/2025;06;19,8;19,8;;87,8;89,8;;17,7;18,1;;1017;1017,3;1016,4;1;2,3;131;38,2;0
09/11/2025;07;20,1;20,3;;86,6;89,1;;17,8;18,4;;1018;1017,9;1017,3;1,4;2,8;146;253,1;0
09/11/2025;08;21,4;21,6;20;83,9;86,7;82,8;18,5;19,3;17;1019;1018,7;1017,9;1,3;3,5;185;785;0
09/11/2025;09;22,7;22,9;;78,4;84,4;;18,7;20,1;;1019;1019,1;1018,6;1,9;6,1;199;1275,5;0
09/11/2025;10;22,9;23,7;;73,6;81,7;;17,9;20,4;;1019;1019,4;1019;1,5;5,3;195;1202;0
09/11/2025;11;22,6;25,2;22,4;76,3;80,7;71,6;18,2;21,7;17;1020;1019,7;1019,3;2,3;8,2;223;;0
09/11/2025;12;24,3;24,6;;68,6;77,4;;18,1;20,3;;1020;1019,9;1019,5;2,5;6,9;220;;0
09/11/2025;13;23,9;24,9;;63,1;69,5;;16,4;18,9;;1019;1019,8;1019,2;2;5,8;216;;0
09/11/2025;14;22,6;24,3;22,1;60,7;70,4;58,9;14,6;18,6;13,7;1019;1019,4;1018,8;2;5,8;208;;0
09/11/2025;15;23,9;25,6;22,4;57;62,2;55,2;14,9;17,8;13;1018;1018,9;1018,3;2,2;6,5;212;2733,2;0
09/11/2025;16;22,8;24,2;22,1;67,2;67,2;56,5;16,4;17,7;13;1018;1018,4;1018,2;2,2;6,4;208;1121,4;0
09/11/2025;17;22,2;22,8;21,6;74,2;74,6;66;17,4;18,1;15;1019;1018,7;1018,3;1,6;5,6;211;623,1;0
09/11/2025;18;22,1;22,6;22;77,5;77,6;73,5;18;18,5;17;1019;1018,9;1018,7;1,1;5,2;226;264,8;0
09/11/2025;19;22;22,4;21,9;82,6;83;77,6;18,9;19,3;17,8;1019;1019,3;1018,9;0,9;3,4;213;34;0
09/11/2025;20;20,4;;;80,1;;;16,8;;;1020;1019,7;1019,3;1,4;4,1;198;0;0
09/11/2025;21;20;20,4;20;82,1;82,4;79,9;16,9;17,3;16,4;1020;1020,4;1019,6;1,1;2,9;189;0;0
09/11/2025;22;19,4;20;18,9;81,7;85,2;81,3;16,2;17,5;15,7;1021;1020,8;1020,3;0,9;3;152;0;0
09/11/2025;23;19,3;19,4;19,1;81,5;84,1;80,8;16,1;16,6;15,7;1021;1020,8;1020,6;1;2;138;0;0
10/11/2025;00;18,9;19,4;18,9;82;83;80,4;15,7;16,4;15,4;1020;1020,6;1019,9;1,5;2,8;133;0;0
10/11/2025;01;18,3;18,9;18,2;85,3;85,3;81,6;15,8;16,3;15;1020;1019,9;1019,5;1,3;2,6;131;0;0
10/11/2025;02;17,8;18,3;17,5;85,6;85,9;85,2;15,4;15,9;15;1019;1019,5;1019,1;0,8;1,8;132;0;0
10/11/2025;03;17,8;18;17,7;85,5;85,7;84,9;15,4;15,5;15,1;1019;1019,3;1019,1;1;2,3;135;0;0
10/11/2025;04;17,3;17,9;17,3;85,8;85,8;85,4;14,9;15,4;14,8;1020;1019,6;1019,3;0,9;2,4;141;0;0
10/11/2025;05;17;17,3;16,9;85,6;85,9;85,6;14,5;15;14,4;1020;1019,9;1019,5;0,8;2;116;0,1;0
10/11/2025;06;17;17;16,5;85,4;85,8;85,1;14,5;14,6;14;1021;1020,6;1019,9;0,7;1,8;118;44,5;0
10/11/2025;07;19,1;19,3;16,9;81,3;85,7;81,3;15,8;16,8;13,7;1021;1021,1;1020,6;0,5;1,6;122;574,7;0
10/11/2025;08;21,8;22,4;19,2;72,5;81,2;71;16,6;19;13,8;1021;1021,3;1021,1;0,8;1,8;112;1878,2;0
10/11/2025;09;24,1;24,8;21,6;60,3;74,6;59,5;15,9;20;13,4;1021;1021,4;1021,2;1;2,7;171;2759,8;0
10/11/2025;10;24,4;25,7;23,6;55,2;68,3;51,3;14,8;19,4;12,9;1021;1021,4;1021,2;1,3;3,4;330;3461;0
10/11/2025;11;25,8;26,5;24,2;52,9;57,4;48,1;15,5;17,4;12,5;1021;1021,3;1020,9;1,6;4,4;322;3976,6;0
10/11/2025;12;24,6;26,3;23,6;60,2;61,4;50,2;16,4;18,3;12,7;1021;1021;1020,5;1,2;4,4;215;3026,6;0
10/11/2025;13;;;;;;;;;;1020;1020,6;1019,8;1,6;4,8;137;4028;0
10/11/2025;14;;;;;;;;;;1019;1019,9;1019,4;1,7;4,9;334;3563,3;0
10/11/2025;15;;;;;;;;;;1019;1019,4;1018,9;1,6;6,2;259;3334,5;0
10/11/2025;16;;;;;;;;;;1019;1019;1018,8;1,5;5,3;193;2560,8;0
10/11/2025;17;;;;;;;;;;1019;1019,1;1018,9;1,4;4;105;1657,2;0
10/11/2025;18;;;;;;;;;;1019;1019,5;1019,1;1,5;4,9;136;512;0
10/11/2025;19;;;;;;;;;;1020;1019,5;1019,4;0,9;3,1;128;41,5;0
10/11/2025;20;;;;;;;;;;1020;1019,8;1019,5;1,1;1,9;84;0;0
10/11/2025;21;;;;;;;;;;1020;1020,1;1019,6;0,6;2;82;0;0
10/11/2025;22;;;;;;;;;;1020;1020,2;1020;0,4;1,7;94;0;0
10/11/2025;23;;;;;;;;;;1020;1020,3;1019,8;0,5;1,7;98;0;0
11/11/2025;00;;;;;;;;;;1019;1019,8;1019,4;0,8;2;110;0;0
11/11/2025;01;;;;;;;;;;1019;1019,4;1018,9;0,8;1,6;111;0;0
11/11/2025;02;;;;;;;;;;1018;1018,9;1018,4;0,9;1,9;101;0;0
11/11/2025;03;;;;;;;;;;1018;1018,5;1018,2;0,6;1,8;93;0;0
11/11/2025;04;;;;;;;;;;1019;1018,6;1018,3;0,6;1,5;92;0;0
11/11/2025;05;;;;;;;;;;1019;1019,1;1018,5;0,4;1,2;97;0,2;0
11/11/2025;06;;;;;;;;;;1019;1019,5;1019;0,4;1,5;92;41,3;0
11/11/2025;07;;;;;;;;;;1020;1020,2;1019,4;0,3;1,2;96;601,9;0
11/11/2025;08;;;;;;;;;;1021;1020,6;1020,2;0,6;1,5;117;1942,1;0
11/11/2025;09;;;;;;;;;;1021;1020,6;1020,2;1;3,1;19;2835,7;0
11/11/2025;10;;;;;;;;;;1020;1020,8;1020,4;1,6;4;327;3554;0
11/11/2025;11;;;;;;;;;;1020;1020,4;1019,9;2,2;6,7;311;4059,2;0
11/11/2025;12;;;;;;;;;;1019;1019,9;1019,1;2,6;7,3;344;4318,8;0
11/11/2025;13;;;;;;;;;;1018;1019,1;1018,5;2,5;6,8;353;4322;0
11/11/2025;14;;;;;;;;;;1018;1018,5;1017,8;2,6;6,7;346;4016,6;0
11/11/2025;15;;;;;;;;;;1017;1017,9;1017;3;7,5;348;3448,7;0
11/11/2025;16;;;;;;;;;;1017;1017,1;1016,6;2,8;7,8;339;2627,9;0
11/11/2025;17;;;;;;;;;;1017;1017;1016,6;2,8;7,9;343;1736,2;0
11/11/2025;18;;;;;;;;;;1017;1017,2;1016,7;2,5;7;347;604,7;0
11/11/2025;19;;;;;;;;;;1018;1017,6;1017,1;2,1;6,3;356;57,3;0
11/11/2025;20;;;;;;;;;;1018;1017,8;1017,5;1,3;5,2;26;0;0
11/11/2025;21;;;;;;;;;;1018;1018,1;1017,8;0,9;3,5;65;0;0
11/11/2025;22;;;;;;;;;;1018;1018,2;1017,9;1,2;4,6;59;0;0
11/11/2025;23;;;;;;;;;;1018;1018;1017,5;0,9;3,2;63;0;0
12/11/2025;00;;;;;;;;;;1017;1017,6;1017;0,7;3,5;35;0;0
12/11/2025;01;;;;;;;;;;1016;1017;1016,1;0,6;2,8;301;0;0
12/11/2025;02;;;;;;;;;;1016;1016,2;1015,8;0,4;2,2;100;0;0
12/11/2025;03;;;;;;;;;;1015;1015,9;1015,4;0,3;2,2;300;0;0
12/11/2025;04;;;;;;;;;;1015;1015,5;1015,1;0,6;2,9;294;0;0
12/11/2025;05;;;;;;;;;;1015;1015,4;1015;0,5;2,5;20;0;0
12/11/2025;06;;;;;;;;;;1017;1017;1015,4;0,5;2,5;282;70,1;0
12/11/2025;07;;;;;;;;;;1019;1019,2;1017;0,6;2,7;249;376,5;0
12/11/2025;08;;;;;;;;;;1018;1018,5;1017,5;0,8;3,8;329;710,7;0
12/11/2025;09;;;;;;;;;;1018;1018,6;1017,5;1,3;4;317;1028,3;0
12/11/2025;10;;;;;;;;;;1017;1017,9;1016,7;1,3;4,5;340;1446,2;0
12/11/2025;11;;;;;;;;;;1016;1017,2;1016,1;1,9;5,4;337;1706,4;0
12/11/2025;12;;;;;;;;;;1016;1016,2;1015,4;2,4;9,1;352;;0
12/11/2025;13;;;;;;;;;;1015;1015,6;1014,8;2,3;8,3;350;;0
12/11/2025;14;;;;;;;;;;1014;1014,8;1014;2,7;9,2;349;2642,9;0
12/11/2025;15;;;;;;;;;;1013;1014,1;1013;3,1;10,8;349;2149,4;0
12/11/2025;16;;;;;;;;;;1013;1013,1;1012,5;3,1;8;4;1217,7;1,02
12/11/2025;17;;;;;;;;;;1013;1013;1012,5;2,4;7,5;14;515,6;0
12/11/2025;18;;;;;;;;;;1013;1013,3;1012,7;2,6;7,1;10;183,5;0
12/11/2025;19;;;;;;;;;;1013;1013,3;1012,9;2,2;6,5;8;21,2;0
12/11/2025;20;;;;;;;;;;1013;1013,3;1013,1;1,6;5,2;352;0;0
12/11/2025;21;;;;;;;;;;1014;1013,8;1013,2;1,8;6,9;352;0;0
12/11/2025;22;;;;;;;;;;1014;1014,1;1013,7;2;6,4;354;0;0,51
12/11/2025;23;;;;;;;;;;1014;1013,8;1013,5;1,4;3,7;344;0;0
13/11/2025;00;;;;;;;;;;1013;1014,1;1013,1;1,6;5,3;338;0;0
13/11/2025;01;;;;;;;;;;1012;1013,1;1012,2;0,4;2,3;352;0;0
13/11/2025;02;;;;;;;;;;1012;1012,3;1012;0,6;3,2;9;0;0
13/11/2025;03;;;;;;;;;;1012;1012,1;1011,6;0,3;1,3;50;0;0
13/11/2025;04;;;;;;;;;;1012;1012;1011,7;0,4;1,2;81;0;0
13/11/2025;05;;;;;;;;;;1013;1013;1012;0,4;1,5;119;0;0
13/11/2025;06;;;;;;;;;;1014;1013,9;1013;0,6;2,4;39;37,6;0
13/11/2025;07;;;;;;;;;;1015;1015;1013,9;0,3;1,3;25;338,2;0
13/11/2025;08;;;;;;;;;;1016;1015,5;1015;1,7;3,8;183;1006;0
13/11/2025;09;;;;;;;;;;1016;1016;1015,4;2;7,4;214;1467,5;0
13/11/2025;10;;;;;;;;;;1016;1016,1;1015,8;1,3;5,1;206;2054,2;0
13/11/2025;11;;;;;;;;;;1016;1016;1015,6;1;3,2;203;2403,7;0
13/11/2025;12;;;;;;;;;;1015;1015,6;1015,3;1,2;3,2;322;1865;0
13/11/2025;13;;;;;;;;;;1015;1015,6;1015,4;1,3;3,6;55;1478,7;0
13/11/2025;14;;;;;;;;;;1016;1015,8;1015,4;1,9;5;347;1227,9;0
13/11/2025;15;;;;;;;;;;1015;1015,6;1015,3;1,3;3,7;99;2201,3;0
13/11/2025;16;;;;;;;;;;1015;1015,4;1015;1,9;5,8;169;1939,2;0
13/11/2025;17;;;;;;;;;;1015;1015,5;1014,9;2,5;6,7;220;1379,5;0
13/11/2025;18;;;;;;;;;;1016;1015,9;1015,4;2,7;7,9;208;467,4;0
13/11/2025;19;;;;;;;;;;1016;1016,3;1015,8;3;7,5;212;36,6;0
13/11/2025;20;;;;;;;;;;1017;1016,7;1016,2;3,5;8,2;212;0;0
13/11/2025;21;;;;;;;;;;1017;1017,4;1016,6;3,6;8,8;202;0;0
13/11/2025;22;;;;;;;;;;1018;1017,9;1017,4;2,7;6,6;204;0;0
13/11/2025;23;;;;;;;;;;1018;1018;1017,7;3,1;7,5;188;0;0
14/11/2025;00;;;;;;;;;;1018;1017,9;1017,3;2,9;6,5;168;0;0
14/11/2025;01;;;;;;;;;;1017;1017,5;1017;2,7;5,6;161;0;0
14/11/2025;02;;;;;;;;;;1017;1017;1016,5;2,6;5,2;156;0;0
14/11/2025;03;;;;;;;;;;1017;1016,7;1016,4;2,1;4,8;151;0;0
14/11/2025;04;;;;;;;;;;1017;1017;1016,6;1,3;3,1;141;0;0
14/11/2025;05;;;;;;;;;;1017;1017,3;1017;0,9;3;153;0,1;0
14/11/2025;06;;;;;;;;;;1018;1018,2;1017,3;1,6;3,4;166;63,2;0
14/11/2025;07;;;;;;;;;;1019;1018,7;1018,1;2;5,3;175;526,2;0
14/11/2025;08;;;;;;;;;;1019;1018,9;1018,5;1,8;4,3;191;1223,8;0
14/11/2025;09;;;;;;;;;;1019;1019,2;1018,9;1,7;4;195;2157,6;0
14/11/2025;10;;;;;;;;;;;;;;;;;
14/11/2025;11;;;;;;;;;;;;;;;;;
14/11/2025;12;32,9;33;32,9;47,1;47,7;46;20,1;20,4;19,7;1018;1018,6;0;2,4;6,5;212;2115,9;0
14/11/2025;13;32,8;32,9;32,4;47,7;49;46,5;20,2;20,8;19,4;1018;1018,4;1017,8;2,8;8,4;212;4168,4;0
14/11/2025;14;25,9;;;65,8;;;19;;;1018;1018;1017,6;1,9;5,9;207;3618,1;0
14/11/2025;15;25,5;26;25,1;66,8;69,9;64,9;18,8;20,1;18;1017;1017,8;1017;2,2;8,3;126;2872;0
14/11/2025;16;24,6;25,5;24,6;74,7;74,9;66,8;19,8;20,7;18;1017;1017,2;1016,9;1,6;7,2;161;1680,4;0
14/11/2025;17;23,4;24,9;23,3;77,6;77,9;71,8;19,2;20,8;17,9;1017;1017,4;1017,1;1,8;6;124;929,9;0
14/11/2025;18;23;23,6;23;78,6;79,5;76,8;19,1;19,9;18,7;1018;1017,9;1017,3;1,2;4,6;212;514,1;0
14/11/2025;19;22,3;23;22,2;83,5;83,6;78,6;19,3;20;18,3;1018;1017,8;1017,6;1;4,4;115;65,7;0
14/11/2025;20;21,9;22,2;21,8;85,7;86,2;83,2;19,4;19,8;18,8;1018;1018;1017,7;1,6;3,5;108;0,1;0
14/11/2025;21;21,6;21,9;21,6;85,6;85,7;84,5;19,1;19,4;18,8;1018;1018,3;1017,8;0,5;2,7;135;0;0
14/11/2025;22;21,4;21,6;21,4;86,9;86,9;85,5;19,2;19,3;18,9;1019;1018,7;1018,3;0,5;1,6;76;0;0
14/11/2025;23;21,6;21,8;21,3;86,4;87,6;85,5;19,2;19,7;18,8;1019;1019;1018,6;0,4;1,3;114;0;0
15/11/2025;00;21,2;21,6;21,1;88,5;88,5;86,4;19,2;19,6;18,8;1018;1018,7;1018,3;0,5;1,4;88;0;0
15/11/2025;01;21,6;21,6;21,2;88,8;89,1;88,2;19,6;19,7;19,1;1018;1018,3;1017,8;0,6;1,5;124;0;0
15/11/2025;02;21,6;21,7;21,5;89;89,3;88,6;19,7;19,9;19,6;1017;1017,9;1017;0,7;2,5;117;0;0
15/11/2025;03;21,7;21,7;21,5;88,6;89,1;88;19,7;19,8;19,4;1017;1017;1016,8;0,5;1,4;109;0;0
15/11/2025;04;21,6;21,7;21,4;89,2;89,6;88,3;19,7;19,9;19,4;1016;1016,8;1016,4;0,6;2,1;71;0;0
15/11/2025;05;21,3;21,6;21,2;89,9;90,7;89,2;19,6;20;19,4;1017;1016,6;1016,3;0,8;2;51;0,2;0
15/11/2025;06;21,6;21,6;21,2;89,3;90,4;89,3;19,8;20;19,4;1017;1017;1016,5;0,7;1,9;33;35,8;0
15/11/2025;07;22,3;22,4;21,6;87,3;89,7;86,3;20,1;20,6;19,2;1017;1017,2;1016,9;1,1;3;348;513;0
15/11/2025;08;23,5;23,7;22,2;79,7;88,4;79,7;19,8;21,6;18,5;1017;1017,2;1017;1,2;3,6;3;1637,7;0
15/11/2025;09;24,6;24,7;23,4;74,1;80,7;72,9;19,7;21,2;18,2;1017;1017,3;1017;1,3;3,7;354;2028,7;0
15/11/2025;10;25,3;25,7;24,6;70,7;74,4;65,8;19,5;20,8;17,8;1017;1017,2;1016,8;1,7;5,1;338;3000,4;0
15/11/2025;11;26,4;26,7;25,1;63,4;70,9;62,1;18,9;21;17,3;1016;1016,8;1016,3;1,9;4,3;5;2665,5;0
15/11/2025;12;26,8;27,1;26;63,1;68,8;61,6;19,1;20,9;18,1;1015;1016,3;1015,4;2,2;5,6;350;3082,5;0
15/11/2025;13;27,2;27,8;26,7;62,5;65,2;60,1;19,4;20,7;18,3;1015;1015,4;1014,8;2,7;7,8;337;3676,8;0
15/11/2025;14;27,1;27,4;26,5;64,2;66,1;61,7;19,7;20,5;18,6;1014;1014,8;1013,7;2,5;6,9;334;2745,1;0
15/11/2025;15;26,3;27,3;26,2;66,3;66,6;62,3;19,5;20,5;18,4;1013;1014;1013,2;2,7;7,6;343;2730;0
15/11/2025;16;25,6;26,6;25,5;69,4;70,3;65,6;19,6;20,7;18,6;1013;1013,4;1013;2,5;7,5;338;1506,8;0
15/11/2025;17;25;25,6;25;70,6;71;66,8;19,2;20;18,3;1013;1013,2;1012,6;2,4;8,2;346;944,9;0
15/11/2025;18;24,3;25;24,3;72,9;73,8;70,6;19,2;20;18,6;1013;1012,9;1012,4;2;5,7;351;510,4;0
15/11/2025;19;23,3;24,4;23,3;79,6;79,7;72,8;19,6;20,6;18,2;1013;1013;1012,5;1,6;4,7;6;59,2;0
15/11/2025;20;22,8;23,4;22,8;84,7;84,7;79,2;20,1;20,6;19;1013;1013,2;1012,9;1,2;4,8;355;0;0
15/11/2025;21;22,6;22,8;22,6;87,9;88,2;84,7;20,5;20,8;19,9;1014;1013,9;1013,1;1,9;6,1;7;0;0
15/11/2025;22;22,7;22,7;22,6;87,5;88,1;87,3;20,5;20,6;20,4;1014;1014,3;1013,8;1,8;5,6;356;0;0
15/11/2025;23;22,6;22,7;22,5;87,8;88,1;87,2;20,4;20,6;20,3;1013;1014,2;1013,2;1,7;5,7;7;0;0
16/11/2025;00;22,8;22,8;22,5;87,5;88,2;86,9;20,6;20,8;20,2;1013;1013,2;1012,5;1,2;4,6;353;0;0
16/11/2025;01;22,7;22,8;22,7;87,9;88,2;87,4;20,6;20,8;20,5;1011;1012,5;1011,4;1,7;5,6;353;0;0
16/11/2025;02;22,7;22,8;22,6;88,2;88,6;87,6;20,7;20,8;20,4;1010;1011,4;1010,3;1,8;6,8;6;0;0
16/11/2025;03;22,7;22,8;22,6;88,3;88,6;87,7;20,7;20,8;20,5;1010;1010,4;1009,7;1,9;7,5;4;0;0
16/11/2025;04;22,6;22,7;22,6;88,6;88,9;87,9;20,6;20,8;20,5;1009;1009,7;1009,3;1,4;5,5;2;0;0
16/11/2025;05;22,7;22,8;22,6;87,8;88,6;86,9;20,5;20,8;20,3;1010;1009,9;1009,4;1,6;6,4;2;0,1;0
16/11/2025;06;22,6;22,7;22,6;87,1;88;87;20,4;20,6;20,3;1010;1010,3;1009,8;1,7;5,2;18;40,6;0
16/11/2025;07;23;23;22,6;86,8;87,6;86,7;20,6;20,8;20,3;1011;1010,9;1010,2;1,7;6;5;292,7;0
16/11/2025;08;23,5;23,5;23;85,6;87,4;85,2;20,9;21,3;20,3;1011;1010,9;1010,4;2,1;6,8;352;639,5;0
16/11/2025;09;24,1;24,1;23,4;83,3;85,9;82,7;21,1;21,6;20,3;1011;1010,8;1010,3;2,5;7,5;352;1108;0
16/11/2025;10;24,6;24,7;24,2;81,6;82,9;80,6;21,2;21,6;20,6;1010;1010,8;1010,1;2,5;8,4;347;1941,8;0
16/11/2025;11;25,5;25,7;24,2;77,8;83,4;77,2;21,3;22,6;20;1009;1010,2;1008,9;2,4;7,4;348;;0
16/11/2025;12;25,2;26;25,2;79,4;79,9;76,6;21,4;22,2;20,8;1008;1009,1;1008,1;2,7;8,6;355;;0
16/11/2025;13;25,7;25,9;24,8;77,1;81,5;76,2;21,4;22,5;20,3;1007;1008,2;1007,2;2,8;9,5;5;;0
16/11/2025;14;25,9;26,2;25,3;76,8;79,6;75,2;21,5;22,4;20,6;1006;1007,6;1006,1;3,3;9;357;;0
16/11/2025;15;25,1;26,2;25;79,6;80;75,6;21,4;22,4;20,4;1005;1006,3;1005,3;3,6;10,2;335;2684,6;0
16/11/2025;16;24,8;25,6;24,7;81,7;82,1;77,1;21,4;22,4;20,4;1005;1005,5;1004,5;3,2;10,7;345;2264,6;0
16/11/2025;17;23,9;25,1;23,9;84,7;86;80,8;21,2;22,6;20,4;1004;1004,6;1004,1;2,8;9,5;355;1042;0
16/11/2025;18;23,7;24,1;23,7;86,7;86,8;83,7;21,3;21,8;20,7;1004;1004,5;1003,9;2,6;7,7;360;334;0
16/11/2025;19;23,2;23,7;23,2;88,4;88,5;86,7;21,2;21,6;20,8;1004;1004,5;1003,8;2,3;6,7;19;40,6;0
16/11/2025;20;23,1;23,2;23,1;88,9;89,5;88,4;21,2;21,4;21;1004;1004,2;1003,8;2,1;6,5;25;0;0
16/11/2025;21;23;23,2;23;89,4;89,4;88,6;21,2;21,4;21;1005;1004,8;1004;1,7;5,4;24;0;0
16/11/2025;22;23,2;23,2;23;89,2;89,6;88,3;21,3;21,4;20,9;1005;1004,7;1004,4;1,5;5,9;11;0;0
16/11/2025;23;23;23,2;22,9;92,3;92,3;89,2;21,6;21,9;21;1004;1004,9;1004;1,7;5,9;357;0;0
17/11/2025;00;23,3;23,3;22,9;91,5;92,5;91,3;21,8;22;21,4;1004;1004,2;1003,7;1,3;4,4;357;0;0
17/11/2025;01;23,5;23,5;23,3;91,3;92,3;90,6;22;22,2;21,6;1005;1005,2;1003,8;1,5;5,4;209;0;0
17/11/2025;02;22,1;23,5;22;88,6;91,3;85,2;20,1;22;19,4;1004;1005,3;1004;3,3;9;153;0;3,3
17/11/2025;03;21,5;22,2;21,5;91,7;91,8;88,4;20,1;20,8;19,5;1004;1004,3;1003,6;1,1;4,3;122;0;1,02
17/11/2025;04;21,3;21,6;21,3;89,6;93;88,2;19,5;20,5;19,3;1004;1004,1;1003,1;1,3;5,1;64;0;0,25
17/11/2025;05;21,1;21,4;21,1;91;92,7;88,4;19,6;20,1;19,1;1004;1004,9;1003,8;1,1;3,9;83;0;0,25
17/11/2025;06;21,6;21,6;21,1;91;92,4;89,5;20,1;20,3;19,3;1006;1005,6;1004;0,9;4;121;31,4;0
17/11/2025;07;21,5;22,1;21,5;89,7;91,1;87;19,8;20,6;19,2;1008;1007,7;1005,5;1,5;7,5;200;60,3;0,25
17/11/2025;08;20,1;21,5;20;92,1;93,9;89,7;18,8;20,5;18,2;1008;1008,5;1007,7;2,5;7,7;206;148,2;3,05
17/11/2025;09;20,6;20,8;20,1;89,3;92,1;87,1;18,7;19,5;17,9;1009;1009,1;1008,3;2,5;6,8;201;378,6;2,03
17/11/2025;10;19,6;20,6;19,6;92,3;93,9;89;18,3;19,6;17,7;1010;1009,8;1009,1;3;7,9;201;436,4;2,29
17/11/2025;11;20,2;20,2;19,6;84,8;92,8;84,1;17,5;19;16,8;1009;1009,8;1009,4;3,6;8;201;547,8;2,03
17/11/2025;12;21;21;20,2;77,9;84,9;77,5;17;18,4;16,1;1009;1009,4;1009;3,8;10,5;192;806,2;1,52
17/11/2025;13;21,6;21,6;21;73,8;79,8;72,8;16,7;18;15,9;1009;1009,4;1008,8;3,8;8,7;190;891,8;1,02
17/11/2025;14;23,2;23,2;21,6;69,7;74,4;67,9;17,4;18,4;15,4;1008;1009,1;1008,3;3,5;8,5;192;1936,2;0,51
17/11/2025;15;21,7;23,2;21,7;76,6;77,5;69,5;17,4;19,1;15,8;1008;1008,6;1007,9;3,5;8,3;194;730,6;0,25
17/11/2025;16;22,8;23,1;21,7;71,5;77,1;69,1;17,4;18,9;15,8;1008;1008,2;1007,6;3,5;8,3;201;1136,3;0
17/11/2025;17;21,7;22,8;21,7;74,7;74,7;68,7;17;18,1;15,7;1008;1008,5;1008;3,8;10,4;187;629,5;0
17/11/2025;18;20,9;21,7;20,9;76,3;77,1;73,3;16,6;17,6;16;1009;1009;1008,2;3,8;8,8;193;82,5;0
17/11/2025;19;20,3;20,9;20,3;78,3;79,2;76,3;16,4;17,2;16;1010;1010;1008,9;3,3;9,2;178;13,2;0
17/11/2025;20;19,8;20,3;19,8;82,2;82,5;78,2;16,7;17,2;15,9;1010;1010,3;1009,9;3;7,9;196;0;0
17/11/2025;21;19,3;19,9;19,2;88,2;88,3;82;17,3;17,9;16,1;1011;1011,1;1010;2,8;7,6;214;0;0
17/11/2025;22;19,4;19,4;19,3;85,5;88,2;85,5;16,9;17,4;16,8;1012;1011,6;1011;1,8;4,4;189;0;0
17/11/2025;23;19,4;19,5;19,3;83,2;85,8;83,2;16,5;17,1;16,4;1011;1011,8;1011,4;1,5;3,4;171;0;0
18/11/2025;00;19,1;19,5;19,1;88,7;88,9;83,2;17,2;17,6;16,2;1011;1011,4;1010,9;0,8;3,2;171;0;0
18/11/2025;01;19,2;19,3;18,9;85,5;89,4;84,5;16,7;17,5;16,3;1010;1011;1010,1;1,1;2,7;151;0;0
18/11/2025;02;19;19,2;19;86,4;86,4;84,5;16,7;16,9;16,3;1009;1010,1;1009,1;1,3;3,6;147;0;0
18/11/2025;03;19,3;19,3;19;82,2;86,7;82,2;16,2;17,1;15,9;1008;1009,3;1008,4;1,4;2,8;135;0;0
18/11/2025;04;19,3;19,4;19,3;82,5;84;82,1;16,3;16,6;16,1;1008;1008,6;1008,2;1,2;2,7;134;0;0
18/11/2025;05;19,3;19,4;19,3;83,4;83,8;81,4;16,4;16,6;16;1008;1008,4;1008,2;0,9;2,4;134;0;0
18/11/2025;06;19,4;19,4;19,3;84,2;84,2;82,2;16,6;16,7;16,2;1009;1008,6;1008,1;1;2,3;132;32,5;0
18/11/2025;07;19,5;19,6;19,4;86,7;87,9;84,2;17,3;17,5;16,6;1009;1008,9;1008,5;0,9;2,1;148;137,7;0
18/11/2025;08;18,7;19,6;18,7;92,8;93,5;85,5;17,5;18,5;16,2;1009;1009,1;1008,8;1;2,4;169;231,8;1,27
18/11/2025;09;18,3;18,7;18,3;93,8;94,6;92,4;17,3;17,8;17;1009;1009,1;1008,8;1,2;4,1;188;273,1;1,78
18/11/2025;10;18,7;18,7;18,3;92,9;94,5;92,9;17,5;17,8;17,1;1008;1009;1008,4;1,4;3,1;180;473,7;1,27
18/11/2025;11;18,6;18,8;18,6;92,8;94,3;92,7;17,4;17,9;17,4;1008;1008,5;1007,9;1,3;2,7;193;474;1,27
18/11/2025;12;18,8;18,8;18,4;92,8;95,5;92,7;17,6;18,1;17,1;1007;1008,3;1006,7;1;2,9;180;598,6;1,02
18/11/2025;13;19,6;19,7;18,8;86,6;94,3;85,5;17,3;18,7;16,3;1006;1007;1006,3;1,7;4,5;116;;1,02
18/11/2025;14;18,8;19,8;18,7;89,1;90,8;86,3;17;18,2;16,3;1006;1006,7;1005,7;1,9;4,6;121;855,5;0,51
18/11/2025;15;19;19,2;18,8;85,9;89,7;85,3;16,6;17,5;16,3;1005;1005,8;1005,3;1,4;4,1;132;519,7;0,76
18/11/2025;16;19;19,6;19;89,7;90,9;82,1;17,2;18,1;15,8;1005;1005,3;1004,7;1,3;4,1;165;505,6;0,51
18/11/2025;17;18,2;19;18,1;91,8;93,3;88,7;16,8;17,9;16,2;1005;1005;1004,4;1,7;4,5;164;239,3;0,76
18/11/2025;18;18,6;18,6;18,2;91,9;92,8;90;17,2;17,4;16,5;1004;1004,6;1004,1;0,4;1,8;60;158,2;1,02
18/11/2025;19;18,1;18,6;18,1;92,9;93,1;90,1;17;17,4;16,5;1004;1004,5;1003,8;0,8;2,5;94;69,1;0,76
18/11/2025;20;17,9;18,2;17,8;92;93,1;91,6;16,6;17;16,4;1005;1004,9;1003,8;1,4;3,1;106;0,3;0,76
18/11/2025;21;18,2;18,2;17,8;93,2;93,5;91,7;17;17,1;16,5;1005;1005,4;1004,9;1,2;2,8;95;0;0,76
18/11/2025;22;18,4;18,4;18,1;93,1;93,6;92,7;17,3;17,4;16,9;1006;1006;1005,4;1,3;3;123;0;0,76
18/11/2025;23;18,4;18,5;18,4;93;93,6;92,9;17,3;17,4;17,2;1006;1006,2;1005,8;0,7;1,8;110;0;0,51
19/11/2025;00;18,7;18,7;18,4;91,7;93,9;91,6;17,3;17,7;17;1005;1005,8;1005,1;0,2;1,4;331;0;0,51
19/11/2025;01;18,5;18,7;18,4;91,2;92,4;90,2;17;17,5;16,8;1004;1005,1;1004,3;0,3;1,9;295;0;0,25
19/11/2025;02;17,6;18,5;17,6;94;94;91,3;16,6;17,5;16,1;1004;1004,4;1004,1;0,4;1,2;96;0;0,25
19/11/2025;03;18;18,2;17,6;94,1;95,2;94;17,1;17,4;16,6;1004;1004,2;1004;0,2;1,5;108;0;0,25
19/11/2025;04;17,7;18,1;17,6;95,5;95,5;94;16,9;17,3;16,6;1005;1004,8;1004;0,2;0,9;65;0;0
19/11/2025;05;17,5;17,7;17,5;95,2;96;95,1;16,7;17,1;16,7;1006;1005,5;1004,8;0,3;1,7;74;0,1;0,25
19/11/2025;06;17,1;17,5;17;96,3;96,3;95,2;16,5;16,9;16,2;1006;1006,3;1005,5;0,2;1,4;84;46,9;0
19/11/2025;07;19,1;19,1;17,1;90,2;96,4;89,9;17,4;18,5;15,4;1007;1007,3;1006,3;0,6;2,2;83;571,8;0
19/11/2025;08;22,2;22,2;19,1;77,3;91,4;77,2;18,1;20,7;15;1008;1008,4;1007,3;0,5;1,9;98;1851,4;0
19/11/2025;09;24,2;24,7;22,1;65,2;78,1;61,3;17,3;20,6;14,3;1009;1009,1;1008,4;0,8;3,1;137;2741,5;0
19/11/2025;10;25,4;26;24,2;58;67,7;51,9;16,5;19,6;13,7;1009;1009,3;1009;2,3;6,1;193;3439,8;0
19/11/2025;11;24,6;25,8;24,6;68;70,3;57,2;18,3;19,9;15,6;1009;1009,6;1009,3;2,6;7,9;223;3893,8;0
19/11/2025;12;23,5;25,4;23,5;68,5;70,7;61;17,4;19,7;15,5;1010;1010,1;1009,4;3;10,9;217;4129,8;0
19/11/2025;13;24,2;24,3;23,2;63;69,3;62,6;16,7;18,3;15,7;1010;1010,2;1009,6;4,4;12,9;221;;0
19/11/2025;14;23,5;24,2;23,3;52,3;66,3;51,3;13,2;17,5;12,7;1010;1010,2;1009,8;4,3;10,7;217;;0
19/11/2025;15;24,2;24,2;23,4;45,9;52,9;45,7;11,8;14;11,1;1010;1010,1;1009,8;3,7;9,9;212;1382,5;0
19/11/2025;16;23,6;25,2;23,6;40,2;46,3;35;9,3;12,9;7,3;1010;1010,4;1009,7;3,8;9,7;218;1642,9;0
19/11/2025;17;23,5;24,1;23,5;33,1;41;30,7;6,4;10;5,2;1011;1010,9;1010,2;3,9;11,9;221;1357,5;0
19/11/2025;18;22,4;23,7;22,4;34,8;34,8;29,1;6,1;7,3;3,5;1011;1011,6;1010,7;4,1;10,5;216;727,2;0
19/11/2025;19;21,8;22,4;21,8;34,6;37,6;33;5,5;7,2;4,9;1012;1012,3;1011,4;3,9;10;216;63,1;0
19/11/2025;20;21,5;21,8;21,5;34,9;35,5;29,9;5,4;5,9;3,1;1013;1013,1;1012,2;3,6;8,7;210;0,2;0
19/11/2025;21;21,1;21,5;21;38,3;39,5;34,4;6,3;7,1;4,7;1014;1014,3;1013,1;2,7;6,2;203;0;0
19/11/2025;22;20,7;21,2;20,6;39,8;41,3;37,1;6,5;7,5;5,5;1015;1014,9;1014,2;2,7;5,6;189;0;0
19/11/2025;23;20,2;20,7;20,1;43,9;44,2;39,2;7,5;8;5,8;1015;1014,9;1014,7;2;4,3;162;0;0
20/11/2025;00;19,6;20,2;19,6;51,4;51,4;42,4;9,3;9,8;6,5;1014;1014,7;1014,5;1,7;4;139;0;0
20/11/2025;01;18,9;19,6;18,9;52;53,7;48,4;8,9;9,9;7,8;1014;1014,5;1014,1;1,3;2,5;123;0;0
20/11/2025;02;19;19,1;18,8;56,1;58,2;50,9;10,1;10,7;8,4;1014;1014,1;1013,8;1;1,8;133;0;0
20/11/2025;03;18,6;19,1;18,6;62,1;62,7;54,8;11,2;11,8;9,3;1014;1013,9;1013,8;0,9;1,8;136;0;0
20/11/2025;04;17;18,7;17;68,9;69,2;62,3;11,2;12,9;9,7;1014;1014,4;1013,8;0,5;1,5;93;0;0
20/11/2025;05;16,6;17;16,5;72,6;73,2;68,4;11,6;12,2;10,7;1015;1014,6;1014,3;0,5;1,7;94;0,4;0
20/11/2025;06;17;17,1;16,5;73,6;75,4;72,6;12,3;12,7;11,6;1015;1015,5;1014,6;0,6;1,5;103;92,7;0
20/11/2025;07;18,7;18,7;17,1;66,1;74,6;64,9;12,3;14,1;10,4;1016;1016,1;1015,5;0,6;2;145;502,1;0
20/11/2025;08;20,6;20,6;18,7;61,4;67;60,7;12,9;14,3;11;1017;1016,6;1016,1;0,9;1,9;171;1616,1;0
20/11/2025;09;22,6;22,6;20,5;45,2;62,4;43,1;10,1;15;7,5;1017;1016,9;1016,6;1;2,5;35;2712,5;0
20/11/2025;10;23,1;23,1;22,4;55,6;57,4;45,2;13,8;14,3;9,9;1016;1016,9;1016,5;1,4;3,4;322;3409;0
20/11/2025;11;24,3;24,6;23,1;50,3;60,8;49,3;13,3;16,5;11,9;1016;1016,5;1015,8;1,7;5,8;318;3985,2;0
20/11/2025;12;24,2;24,9;24,1;53,3;56,6;49,4;14,1;15,7;12,8;1016;1016;1015,5;2,8;8,5;350;4241,8;0
20/11/2025;13;24,7;24,7;24,1;54,4;58,3;51,8;14,8;16;13,5;1015;1015,6;1015;2,8;8,7;351;4233,1;0
20/11/2025;14;24,8;24,9;24,3;53,7;56,6;51,2;14,7;15,7;13,6;1014;1015,2;1014,1;3,3;9,4;348;3919,2;0
20/11/2025;15;24,5;25,1;24,4;52,9;58,3;51,3;14,2;16,3;13,7;1014;1014,4;1013,6;3,3;10,1;334;3365,3;0
20/11/2025;16;24,1;24,7;24,1;54,6;55,8;50,7;14,4;15,3;13,3;1013;1013,8;1013,1;2,9;10,3;337;2610,6;0
20/11/2025;17;23,7;24,3;23,7;58,6;61,8;53,8;15,1;16,4;13,8;1013;1013,3;1012,9;2,9;9,7;336;1706;0
20/11/2025;18;22,6;23,7;22,6;66,7;67,1;57,6;16,1;17,3;13,8;1013;1013,2;1012,9;2,3;8;344;719,7;0
20/11/2025;19;21,8;22,6;21,8;71;71;66,7;16,3;17;15,3;1013;1013,4;1013;2,1;7,1;354;66,4;0
20/11/2025;20;21,4;21,8;21,4;75,2;75,3;71,1;16,9;17,2;16;1014;1013,8;1013,3;1,8;6,2;8;0,3;0
20/11/2025;21;21,2;21,5;21,2;77,3;77,5;75,1;17,1;17,4;16,6;1014;1014,2;1013,7;2,1;6,6;9;0;0
20/11/2025;22;21,1;21,3;21,1;76,8;77,8;76,8;16,9;17,2;16,9;1014;1014,5;1014,2;1,7;5,2;25;0;0
20/11/2025;23;20,9;21,3;20,9;74,6;76,8;73,4;16,3;17,1;16;1014;1014,6;1014,1;1,3;5,7;27;0;0
21/11/2025;00;20,7;21;20,7;77,2;77,4;73,6;16,6;16,9;15,8;1014;1014,1;1013,5;1,6;6,8;36;0;0
21/11/2025;01;20,9;20,9;20,6;77,9;78,4;76,7;16,9;17;16,4;1013;1013,6;1013;1,2;3,8;45;0;0
21/11/2025;02;20,8;21,1;20,8;77,1;78,2;76,8;16,6;17,1;16,5;1013;1013,1;1012,5;1;5,1;356;0;0
21/11/2025;03;20,8;20,9;20,7;76,7;77,9;74,7;16,6;16,9;16,1;1013;1012,9;1012,4;1,3;4,7;7;0;0
21/11/2025;04;20;20,8;20;80,8;81,3;76,7;16,6;17,5;15,8;1013;1013,5;1012,8;0,5;2,9;280;0;0
21/11/2025;05;19,3;20;19,1;83,2;84;80,8;16,3;17,2;15,8;1014;1013,9;1013,3;0,4;2;63;0,3;0
21/11/2025;06;19,5;19,5;19,2;82,3;83,5;81,1;16,4;16,6;15,9;1014;1014,2;1013,9;0,3;2,2;93;77,1;0
21/11/2025;07;21;21;19,5;78,9;83,2;78;17,2;18;15,5;1014;1014,5;1014,1;0,6;2,8;11;625,8;0
21/11/2025;08;21,8;21,8;20,8;72,4;80,5;72,4;16,6;18,3;15,6;1015;1015,2;1014,5;1,1;5,3;279;957;0
21/11/2025;09;23,2;23,2;21,8;67;73,7;66,8;16,7;18,2;15,3;1015;1015,3;1014,8;1,7;7,6;338;2788,6;0
21/11/2025;10;24,6;24,6;23,2;63,2;68,4;60,4;17,2;18,4;15,1;1014;1014,9;1014,3;1,8;8;355;3524,3;0
21/11/2025;11;25,1;25,4;24,3;61,4;66,4;59,7;17,2;18,7;15,9;1014;1014,4;1013,7;2,2;7,6;345;4030,8;0
21/11/2025;12;25,7;25,9;25;61,7;63,7;58,6;17,8;18,5;16,3;1013;1013,8;1013;2,9;8,3;2;4247,9;0
21/11/2025;13;25,8;26,5;25,6;60,7;63;57,8;17,6;18,9;16,7;1012;1013,1;1012;2,9;8,7;4;4239,9;0
21/11/2025;14;25,9;26,2;25,5;62;64,7;59,3;18,1;19,1;17;1011;1012,2;1011,1;2,8;8,4;346;3937,2;0
21/11/2025;15;25,7;25,9;25,4;61,6;64,9;61,1;17,8;18,8;17,3;1010;1011,3;1010,1;3,2;8,7;342;3384,6;0
21/11/2025;16;25,2;25,8;25,2;55,6;63,7;53,6;15,7;18,4;15,1;1010;1010,6;1010,1;2,9;9,4;349;2632,7;0
21/11/2025;17;24,6;25,6;24,6;64;64,3;54,7;17,3;18,3;14,8;1010;1010,5;1009,8;3,1;7,5;344;1723;0
21/11/2025;18;23,2;24,6;23,1;73,1;73,1;63,4;18,1;19,5;15,8;1010;1010,4;1010;3;7,8;352;693,4;0
21/11/2025;19;22,3;23,2;22,3;76,5;76,7;72,6;18;18,9;17,1;1010;1010,2;1009,8;2,8;7,7;359;70,4;0
21/11/2025;20;22;22,4;21,9;80,7;80,7;76,5;18,5;18,9;17,6;1010;1010,4;1010;2,9;8;6;0,2;0
21/11/2025;21;21,8;22;21,8;83;83;80,5;18,8;19;18,3;1010;1010,3;1010;2,1;6,3;12;0;0
21/11/2025;22;21,7;21,8;21,7;84,9;84,9;83;19,1;19,2;18,7;1010;1010,2;1009,1;2,5;7,7;4;0;0
21/11/2025;23;21,8;21,9;21,7;85,4;86,7;84,8;19,3;19,6;19;1010;1010,6;1009,9;1,7;6;355;0;0
22/11/2025;00;21,5;21,9;21,5;88,1;88,1;85,2;19,4;19,8;18,9;1010;1010,5;1009,9;1,1;3,5;355;0;0
22/11/2025;01;21,6;21,6;21,5;87,4;88,3;87,3;19,4;19,6;19,3;1010;1010,5;1009,6;1;3,5;339;0;0
22/11/2025;02;21;21,6;21;89,6;89,7;87,4;19,2;19,9;18,8;1011;1010,7;1010,2;0,3;1,6;79;0;0
22/11/2025;03;20,9;21,1;20,9;88,7;89,7;88,7;19;19,3;18,9;1011;1010,9;1010,6;0,6;2;37;0;0
22/11/2025;04;20,8;20,9;20,6;89,2;89,6;88,7;18,9;19,1;18,7;1011;1011,3;1010,9;0,4;1,2;71;0;0
22/11/2025;05;20,3;20,8;20,3;90;90;89;18,6;19,1;18,4;1012;1011,6;1011,1;0,1;0,7;86;0,1;0
22/11/2025;06;21,7;21,7;20,1;77;92,1;77;17,5;20,4;15,9;1012;1012;1011,6;0,7;3,7;139;78,3;0
22/11/2025;07;23,7;23,7;21,7;67,9;77,9;67,8;17,4;19,6;15,5;1012;1012,5;1012;2,9;8;184;610,3;0
22/11/2025;08;24,6;24,6;23,7;66,1;68,7;65,2;17,9;18,5;16,7;1013;1013;1012,3;4,3;10;191;1822,1;0
22/11/2025;09;26;26;24,5;64,1;67;63,5;18,7;19,4;17,2;1013;1013,2;1012,7;3,3;8,2;193;2689,7;0
22/11/2025;10;24,9;26,1;24,8;69,7;71,3;62,9;19;20,5;17,2;1013;1013,2;1012,8;3,2;10;214;3397,6;0
22/11/2025;11;25,3;25,6;24,7;69,8;72,2;68,3;19,4;20,2;18,5;1013;1013,1;1012,6;3,5;9,7;222;3898,6;0
22/11/2025;12;25,6;25,7;25,1;68,6;71,2;67,2;19,4;20,1;18,6;1012;1012,7;1012,2;4;10,3;221;4133,8;0
22/11/2025;13;25;25,6;24,8;70,2;71,9;68,7;19,2;20,1;18,7;1012;1012,6;1011,9;4,8;12,5;220;4126,6;0
22/11/2025;14;24;25,1;24;72,9;73,9;70,3;18,8;20,1;18,2;1012;1012,7;1011,8;4,4;12,7;223;3700,7;0
22/11/2025;15;19,9;24;19,9;89,8;89,8;73;18,2;22,2;14,9;1013;1013,7;1012,1;5,2;13,3;216;325,7;1,27
22/11/2025;16;20;20;19,7;90,5;92,5;88,2;18,3;18,8;17,7;1013;1013,4;1012,7;3,3;10,4;210;92,3;3,56
22/11/2025;17;18,9;19,9;18,8;90,1;91;88,5;17,2;18,4;16,9;1013;1014;1012,9;2,9;9,7;218;12,4;1,78
22/11/2025;18;18,7;19,1;18,7;91;91,5;87,7;17,2;17,6;16,6;1015;1015;1013,2;2,7;8,4;189;12,1;1,78
22/11/2025;19;18,7;18,7;18,3;93,2;93,8;90;17,6;17,7;16,7;1014;1014,9;1013,9;2,5;5,9;192;10,3;1,52
22/11/2025;20;19,2;19,2;18,7;90,5;93,4;89,9;17,6;18,1;17;1015;1015,1;1013,7;1,9;6,4;183;0,2;1,27
22/11/2025;21;19,4;19,5;19,2;88,5;90,2;86,5;17,4;17,9;16,9;1016;1015,7;1014,8;3,2;7,1;173;0;1,02
22/11/2025;22;19,9;19,9;19,3;86,2;89,4;85,8;17,5;18,1;16,9;1015;1016,1;1015,5;2,7;6,6;179;0;0,76
22/11/2025;23;18,8;20;18,8;93,4;93,4;86,2;17,7;18,9;16,4;1016;1016,5;1015,5;2,5;7,2;184;0;0,76
23/11/2025;00;18,8;19;18,7;93,8;94;93,2;17,8;18;17,5;1016;1016;1015,6;2,5;7,5;199;0;0,51
23/11/2025;01;18,5;18,8;18,4;95,4;95,4;93,2;17,8;18,1;17,3;1016;1016;1015,5;2,2;6;191;0;0,51
23/11/2025;02;18,5;18,6;18,4;94,8;95,4;94;17,7;17,8;17,4;1015;1015,6;1015,1;2,3;6,2;181;0;0,25
23/11/2025;03;18,2;18,5;18,1;95,6;95,7;94,5;17,5;17,8;17,2;1015;1015,4;1015;2,7;7,3;193;0;0,51
23/11/2025;04;18,2;18,3;18,1;95,4;95,9;95;17,5;17,6;17,3;1015;1015,2;1014,8;2,2;6,7;216;0;0,25
23/11/2025;05;18;18,2;17,9;94,4;95,4;94;17,1;17,5;16,9;1016;1015,8;1014,9;2,6;8,1;216;0;0,25
23/11/2025;06;18,1;18,2;17,9;95,1;95,3;94,2;17,3;17,4;17;1016;1016,4;1015,6;2,2;7;218;7,8;0,25
23/11/2025;07;18,3;18,3;18,1;94,5;95,1;94,3;17,4;17,5;17,2;1017;1017;1016,2;2,3;7;213;89,2;0,25
23/11/2025;08;18,7;18,7;18,2;90,8;95;90,7;17,2;17,9;16,6;1017;1017,5;1016,7;1,5;5,6;212;392,1;0,25
23/11/2025;09;20,5;20,5;18,7;84;91,2;82,5;17,7;19,1;15,7;1017;1017,5;1017,3;1,8;4,5;215;1106,2;0,25
23/11/2025;10;20;20,9;19,9;83,1;84,7;78,3;17;18,2;16;1018;1017,7;1017,2;2,5;7,6;211;1016,7;0,25
23/11/2025;11;20,8;21,3;20;82,5;85,4;78,2;17,7;18,8;16;1017;1017,6;1017,1;2,4;8,1;216;1231,9;0
23/11/2025;12;20,4;20,9;20;84,4;87,4;78,4;17,6;18,7;16,2;1017;1017,5;1017,1;1,3;7,3;221;690,5;0,25
23/11/2025;13;19,7;20,5;19,7;85,3;85,4;81,7;17,1;17,9;16,4;1017;1017,6;1017;1,5;7,2;220;502;0
23/11/2025;14;19,3;19,8;19,3;85,9;87,8;84,2;16,9;17,7;16,6;1017;1017,5;1016,8;1,6;5,8;214;753,4;0,25
23/11/2025;15;18,5;19,9;18,5;90,6;90,8;82,7;16,9;18,3;15,5;1017;1017,3;1016,8;1,2;6;204;576,8;0
23/11/2025;16;18;18,6;18;92,8;93,3;89,6;16,8;17,5;16,3;1017;1016,9;1016,6;1,5;6,5;218;183,4;0,25
23/11/2025;17;18;18,1;17,9;92,2;94,1;91,8;16,7;17,1;16,5;1016;1016,8;1016;1,8;5,4;206;169,2;0
23/11/2025;18;18,6;18,6;18;89,3;93,7;89,1;16,8;17,6;16,2;1016;1016,2;1015,9;2,1;5,8;206;233,6;0
23/11/2025;19;18,5;18,8;18,5;89,7;90,2;88,1;16,8;17,1;16,5;1017;1017;1016;2,3;5,4;209;28,2;0,25
23/11/2025;20;18,4;18,5;18,1;87,2;90,9;87,1;16,2;17;15,9;1017;1017,2;1016,7;2,2;6,2;193;0,1;0
23/11/2025;21;17,8;18,4;17,7;91,8;91,9;87,2;16,4;17,1;15,6;1017;1017,4;1016,9;1,9;4,8;183;0;0,25
23/11/2025;22;17,7;17,7;17,6;93,2;93,3;91,8;16,6;16,6;16,2;1017;1017,6;1016,9;0,9;3,4;212;0;0
23/11/2025;23;17,5;17,8;17,4;94,4;94,4;92,7;16,6;16,9;16,2;1017;1017,6;1016,8;1,1;4;199;0;0
24/11/2025;00;17,5;17,5;17,4;95,3;95,3;94,4;16,8;16,8;16,5;1017;1016,8;1016,5;1,4;3,7;177;0;0,25
24/11/2025;01;17,6;17,7;17,5;96,2;96,3;94,8;17;17,1;16,7;1016;1016,6;1016,3;1,1;2,8;197;0;0
24/11/2025;02;17,5;17,7;17,4;96,6;96,8;96,1;17;17,1;16,8;1016;1016,3;1015,7;1;3,2;185;0;0,25
24/11/2025;03;17,7;17,7;17,5;96,3;96,8;96,2;17,1;17,1;16,9;1015;1015,7;1015,1;1,1;2,8;182;0;0
24/11/2025;04;18,4;18,4;17,6;90,1;96,5;90,1;16,7;17,8;16;1015;1015,1;1014,5;0,9;3,9;192;0;0,25
24/11/2025;05;18,3;18,5;18,2;94,2;94,4;89,8;17,3;17,6;16,5;1015;1014,9;1014,5;1,4;4,1;198;0;0
24/11/2025;06;18,9;18,9;18,2;91;94,2;89,9;17,4;17,9;16,5;1015;1015,2;1014,8;0,9;3,3;195;35,5;0
24/11/2025;07;20;20;18,9;82,9;90,8;82,8;17;18,5;15,9;1015;1015,6;1015,2;1,1;4,3;234;230,9;0,25
24/11/2025;08;18,8;20;18,8;91,1;91,1;82,7;17,3;18,5;15,8;1016;1016,1;1015,4;1,7;6,8;127;476,1;0
24/11/2025;09;19,1;19,1;18,6;91,2;91,9;89,4;17,6;17,7;16,8;1016;1016,3;1016;1,1;4,4;34;430,9;0,25
24/11/2025;10;19,4;19,4;19;88,8;91,7;87,9;17,5;18;17;1016;1016,4;1016,1;1,4;5,5;224;659,8;0
24/11/2025;11;19,2;19,8;19,2;89,2;90;86;17,4;18,1;16,8;1016;1016,4;1016,1;1,9;8,5;205;946,2;0,25
24/11/2025;12;19,5;19,6;19,2;89,7;91,2;87,9;17,8;18,1;17,1;1016;1016,3;1016;1,4;4,6;223;488,3;0
24/11/2025;13;20,3;20,3;19,6;83,6;91,2;82,3;17,4;18,9;16,5;1016;1016;1015,5;1,5;5,4;210;752,7;0,25
24/11/2025;14;20,7;20,7;20,3;79,9;84,6;79,9;17,1;18;16,7;1015;1015,6;1015,2;1,6;5,6;184;648,6;0
24/11/2025;15;21,2;21,2;20,7;80,5;82,3;78,7;17,7;18;16,9;1015;1015,4;1015;1,6;5,6;55;1036;0
24/11/2025;16;21,3;21,3;21,1;80,4;81,4;78,6;17,8;18;17,2;1015;1015,3;1014,5;1,3;6,7;196;816,3;0,25
24/11/2025;17;21,2;21,3;21,1;78,5;80,9;77,5;17,3;17,9;17;1014;1014,6;1014;1,7;5,9;189;741,5;0
24/11/2025;18;21;21,2;20,9;81,2;81,8;77,8;17,6;18;16,9;1014;1014,3;1014;1;6;204;472,4;0,25
24/11/2025;19;20,7;21,1;20,7;81;81,8;78,9;17,4;17,8;16,9;1015;1015;1014,3;0,6;2,6;208;132,7;0
24/11/2025;20;19,9;20,7;19,9;84,6;84,6;80,7;17,2;18;16,5;1015;1015,4;1014,9;0,6;2,9;185;0,3;0,25
24/11/2025;21;19,5;20;19,5;87,7;87,7;84,6;17,4;17,9;16,9;1015;1015,5;1015,3;0,6;2,4;146;0;0
24/11/2025;22;19,2;19,5;19,2;89,6;89,6;87,7;17,5;17,8;17,1;1016;1015,7;1015,4;1,1;2,8;139;0;0
24/11/2025;23;18,8;19,2;18,8;89,8;90,1;88,7;17,1;17,6;16,9;1015;1015,8;1015,4;1,4;2,7;135;0;0,25
25/11/2025;00;19,2;19,3;18,7;88,7;90,6;86,8;17,3;17,8;16,5;1015;1015,5;1014,9;0,9;3,2;147;0;0
25/11/2025;01;18,7;19,2;18,6;92,3;92,5;88,5;17,4;18;16,7;1014;1015;1013,9;0,5;2;149;0;0
25/11/2025;02;18,1;18,7;18,1;91,9;92,3;91,6;16,8;17,4;16,7;1013;1013,9;1013,1;1;2,4;131;0;0,25
25/11/2025;03;18,4;18,4;18,1;92;92,5;91,7;17,1;17,2;16,7;1013;1013,2;1013;0,9;2,1;137;0;0
25/11/2025;04;17,8;18,4;17,8;93,9;93,9;90,8;16,8;17,4;16,3;1013;1013,3;1013,1;0,8;2,3;154;0;0
25/11/2025;05;17,9;17,9;17,8;94,9;95,1;93,9;17,1;17,1;16,8;1013;1013,2;1012,8;0,5;1,5;114;0,1;0,25
25/11/2025;06;18;18;17,7;94,3;95,1;94,3;17,1;17,2;16,8;1013;1013,5;1012,8;0,7;2;129;71,4;0
25/11/2025;07;19,3;19,3;18;86,9;94,3;86,4;17;18,3;15,7;1014;1013,8;1013,4;1;2,4;137;641,8;0
25/11/2025;08;20,9;20,9;19,3;81,9;88;79,7;17,7;18,9;15,7;1014;1014,3;1013,7;1,2;2,5;163;1840,2;0,25
25/11/2025;09;22,9;23;20,9;73,5;83,2;72,5;17,9;20;15,8;1015;1014,7;1014,3;1,2;3,2;167;2799,3;0
25/11/2025;10;22,6;23,6;22,5;76,6;77,4;71,2;18,2;19,4;17;1015;1014,7;1014,6;0,9;2,6;220;1527,9;0
25/11/2025;11;24,7;24,7;22,6;71;77,1;68,8;19,1;20,4;16,6;1014;1014,7;1014,4;1;2,5;339;;0,25
25/11/2025;12;24,9;25,1;23,8;70,3;75,5;68,7;19,2;20,4;17,6;1014;1014,4;1013,6;1,1;3,9;16;;0
25/11/2025;13;24,3;24,9;24;72,5;74,3;69,2;19;20;18;1013;1013,7;1013,3;1,5;4,5;137;;0
25/11/2025;14;24,9;25,5;24,3;70,9;73,8;68,9;19,3;20,5;18,2;1013;1013,3;1012,8;2,1;6,8;132;;0
25/11/2025;15;24,6;25;24,4;71,3;74,7;69,7;19,1;20,1;18,5;1013;1013,1;1012,6;2,4;6,7;124;3413,6;0,25
25/11/2025;16;24,3;25;24;70,7;73,6;69,3;18,6;19,9;18;1013;1012,8;1012,5;2,2;6,6;131;2609,8;0
25/11/2025;17;23;24,4;23;76,1;76,4;69,7;18,5;20;17,2;1013;1012,9;1012,5;2,6;5,9;120;862,5;0
25/11/2025;18;22,6;23;22,6;79,6;80,3;76;18,9;19,5;18,1;1013;1013,3;1012,7;2,2;5,9;124;372,2;0
25/11/2025;19;22,2;22,6;22,2;80,8;81,4;78,9;18,7;19,3;18,3;1014;1013,9;1013,3;2,2;5,2;132;42;0,25
25/11/2025;20;21,7;22,2;21,7;83,1;83,3;80,7;18,7;19,2;18,2;1014;1014,2;1013,8;0,9;4;69;0,5;0
25/11/2025;21;21,8;21,9;21,7;82,8;83,5;81,9;18,7;19;18,4;1015;1014,5;1014,2;1;3,2;103;0;0
25/11/2025;22;20,8;21,8;20,8;87,3;87,3;82,9;18,6;19,6;17,8;1015;1015;1014,5;0,8;1,9;69;0;0
25/11/2025;23;20,7;20,9;20,6;87,7;88,9;87,3;18,6;19;18,4;1015;1015,1;1014,7;0,9;1,9;72;0;0
26/11/2025;00;20,6;20,7;20,6;88,4;88,6;87,8;18,6;18,8;18,5;1014;1014,8;1014,2;0,6;1,8;75;0;0,25
26/11/2025;01;20,8;20,9;20,6;86,7;88,5;86,6;18,5;18,9;18,3;1014;1014,3;1013,6;0,8;2,1;66;0;0
26/11/2025;02;20,4;20,8;20,4;87,8;87,8;86,3;18,3;18,7;18;1013;1013,6;1013,2;0,8;2,6;69;0;0
26/11/2025;03;20,2;20,4;20,1;89,4;90,3;87,8;18,4;18,8;18;1013;1013,3;1013,1;0,4;1,6;97;0;0
26/11/2025;04;20,2;20,2;20,1;88,7;89,6;88,6;18,2;18,5;18,1;1014;1013,6;1013,2;0,4;1,6;106;0;0,25
26/11/2025;05;20,7;20,7;20,1;85,6;89,3;85,4;18,2;18,9;17,6;1014;1014;1013,6;0,6;2,2;83;0,2;0
26/11/2025;06;20,8;20,8;20,7;85,2;85,9;85,1;18,2;18,3;18,1;1015;1014,6;1014;0,6;2,7;71;63,2;0
26/11/2025;07;20,8;21,1;20,8;87,7;88,2;82,8;18,7;19,1;17,7;1015;1015,4;1014,6;0,7;3,1;332;192,3;0
26/11/2025;08;20;20,8;20;92,1;93,9;87,7;18,6;19,8;17,9;1016;1016,1;1015,4;0,8;2,4;204;212,1;0,25
26/11/2025;09;20,1;20,2;19,8;93,5;93,6;91,2;19;19,2;18,3;1016;1016,4;1016,1;0,9;3,4;197;617,3;0
26/11/2025;10;19,9;20,1;19,6;94,2;95,2;92,4;18,9;19,3;18,3;1017;1016,8;1016,4;0,3;1,6;233;650,9;0
26/11/2025;11;21,6;21,6;19,9;89,1;94,3;87,6;19,8;20,7;17,7;1016;1016,8;1016,2;1;4;162;;0
26/11/2025;12;22,4;22,4;21,3;79,7;90,5;76,8;18,7;20,7;17;1016;1016,3;1015,9;1,7;6,4;123;;0,25
26/11/2025;13;22,3;22,7;22,3;77,2;80,8;73,6;18,2;19,3;17,4;1016;1016;1015,6;1,3;4,9;121;1916,2;0
26/11/2025;14;22,4;23;22,3;73,2;78,2;72,5;17,4;18,9;17,1;1015;1015,8;1015,3;1,8;5,6;113;;0
26/11/2025;15;22,5;22,7;22,4;71,1;75,5;69,5;17;18,2;16,5;1015;1015,5;1015,2;2;5,9;125;1228,8;0
26/11/2025;16;22,4;22,5;22,3;72,6;74;69,7;17,3;17,7;16,5;1015;1015,3;1015;1,6;5,5;134;948,6;0
26/11/2025;17;22;22,5;22;71,4;74,5;70,9;16,6;17,7;16,5;1015;1015,2;1014,9;1,5;5;131;626,6;0,25
26/11/2025;18;21,7;22;21,7;72,7;73,3;70,1;16,6;17;16;1015;1015,2;1014,9;1,6;4,7;141;263;0
26/11/2025;19;21,5;21,7;21,5;75,2;76,5;72,7;16,9;17,4;16,4;1015;1015,5;1015,2;0,8;3;164;30,1;0
26/11/2025;20;21,2;21,5;21,2;78,2;78,9;74,9;17,2;17,7;16,5;1016;1015,9;1015,5;0,3;1,6;93;0,2;0
26/11/2025;21;21;21,2;20,9;77,6;79,9;76,7;17;17,6;16,7;1016;1016,2;1015,7;0,3;2,1;98;0;0
26/11/2025;22;20,5;21;20,5;79,7;80;75,6;16,9;17,5;16,1;1016;1016,4;1016,2;0,7;1,9;44;0;0,25
26/11/2025;23;19,3;20,6;19,2;92,5;92,6;79,1;18;19,3;15,5;1017;1016,8;1016,4;0,8;4,2;70;0;0
27/11/2025;00;19;19,3;18,8;93,5;93,6;91,3;17,9;18,2;17,4;1016;1016,6;1016,3;0,3;1;53;0;0
27/11/2025;01;19,1;19,1;18,9;93,9;93,9;92,9;18,1;18,1;17,8;1016;1016,3;1015,7;0,7;1,4;51;0;0
27/11/2025;02;19,2;19,2;19,1;94,2;94,3;93,8;18,3;18,3;18,1;1015;1015,8;1015,5;0,5;1,5;53;0;0,25
27/11/2025;03;19,2;19,3;19,2;94;94,5;94;18,2;18,4;18,2;1016;1015,6;1015,5;0,5;1,6;64;0;0
27/11/2025;04;19;19,2;19;93,2;94;92,1;17,9;18,2;17,6;1016;1015,6;1015,5;0,4;1,8;62;0;0
27/11/2025;05;19;19,1;18,9;90,1;93,7;86,7;17,4;18;16,7;1016;1016,1;1015,5;0,2;1,3;61;0,2;0
27/11/2025;06;19;19,1;18,8;90,7;91,4;89,5;17,4;17,6;17;1017;1016,5;1016,1;0,3;1,5;64;75,5;0
27/11/2025;07;20;20;18,9;89,6;90,7;88,7;18,2;18,4;17;1017;1017,1;1016,5;0,5;2,1;81;409,2;0,25
27/11/2025;08;21,3;21,4;19,9;81,5;89,6;80,5;18;19,6;16,5;1017;1017,3;1017;0,4;2,2;3;1116,6;0
27/11/2025;09;22,4;22,5;21,3;75,2;82,9;74,6;17,8;19,4;16,6;1017;1017,4;1017,3;1,1;3,9;295;1739,2;0
27/11/2025;10;22,4;22,5;21,9;74;79,3;73,4;17,5;18,8;16,9;1018;1017,7;1017,4;1,2;4,3;330;1838,5;0
27/11/2025;11;23,8;23,8;22,3;68,4;74,8;68,2;17,6;19;16,2;1017;1017,5;1017,1;1,8;5,3;336;;0
27/11/2025;12;24,3;24,5;23,7;69,4;74,3;65,9;18,3;19,6;16,9;1016;1017,1;1016,3;2;5,9;329;;0,25
27/11/2025;13;24,5;24,8;24,2;66,9;72,4;64,5;17,9;19,5;17,1;1016;1016,5;1015,7;2,3;6,8;328;;0
27/11/2025;14;24,3;24,6;24;65,8;69,1;63,7;17,5;18,6;16,7;1015;1015,8;1014,7;3;8,2;357;;0
27/11/2025;15;24,3;24,6;24;65,5;68;63,5;17,4;18,3;16,6;1014;1014,9;1014;2,8;7,4;353;3447,3;0
27/11/2025;16;23,6;24,7;23,5;67;68,5;63,6;17,1;18,5;16,2;1014;1014,2;1013,8;2,8;8,1;352;2364,1;0
27/11/2025;17;22,6;23,6;22,6;70,2;71,2;67;16,9;18;16,2;1014;1014;1013,7;2,7;7,1;351;906,4;0
27/11/2025;18;22,2;22,6;22,2;71,6;72,8;70;16,9;17,5;16,5;1014;1014;1013,4;2,5;6,5;5;336,1;0
27/11/2025;19;21,9;22,3;21,9;72,9;73,4;71,1;16,8;17,3;16,4;1014;1014,3;1013,9;2,2;6,2;8;66,1;0,25
27/11/2025;20;21,6;22;21,6;74,7;74,9;72,7;16,9;17,3;16,5;1014;1014,6;1014,3;1,8;4,6;25;0,2;0
27/11/2025;21;21,7;21,7;21,5;76,3;76,6;74,7;17,3;17,4;16,8;1015;1015,1;1014,4;1,6;4,8;24;0;0
27/11/2025;22;21,5;21,7;21,5;78;78;76,2;17,5;17,7;17,1;1015;1015,1;1014,7;1,6;5,3;23;0;0
27/11/2025;23;21,1;21,5;21;79,5;80;77,4;17,4;17,9;16,9;1014;1014,9;1013,8;1,6;4,5;22;0;0
28/11/2025;00;21,4;21,4;20,8;79,9;81,2;79,5;17,8;18;17,1;1014;1014,3;1013,8;1,1;5,3;35;0;0
28/11/2025;01;21,2;21,6;21,2;80,3;81,9;79,4;17,7;18,3;17,5;1013;1014,1;1013;1,2;5;345;0;0
28/11/2025;02;21,2;21,4;21,2;81,3;81,5;80;17,9;18,1;17,6;1013;1013;1012,3;1,1;4,8;319;0;0,25
28/11/2025;03;20,7;21,2;20,7;84,1;84,1;81,2;18;18,4;17,4;1012;1012,6;1012,1;0,7;3;291;0;0
28/11/2025;04;20,7;21;20,6;82,2;84,6;81,6;17,5;18,3;17,3;1012;1012,5;1012,1;0,6;3,6;315;0;0
28/11/2025;05;20,5;20,8;20,5;85,2;85,2;81,5;17,9;18,3;17,2;1012;1012,5;1012,3;0,8;4;292;0,5;0
28/11/2025;06;20,8;20,8;20,3;81,2;85,2;81,1;17,5;18,3;16,9;1012;1012,5;1012,1;0,6;3,4;351;73,9;0
28/11/2025;07;21,8;21,8;20,8;77,6;81,6;76,9;17,7;18,5;16,6;1012;1012,5;1012,3;1;4,7;342;616;0
28/11/2025;08;22,6;22,7;21,8;75;78;74,9;18;18,7;17,1;1012;1012,5;1012,3;1,3;5,4;339;1579,1;0,25
28/11/2025;09;22,9;23,2;22,7;74,8;75,8;73,1;18,2;18,7;17,6;1012;1012,5;1012,2;1,4;6,2;343;1203,7;0
28/11/2025;10;22,8;23,1;22,8;76,4;76,4;72,7;18,5;18,7;17,6;1011;1013,2;1011,3;1,2;4,3;330;278;0
28/11/2025;11;23,8;23,8;22;77,3;83,7;73,7;19,6;20,9;17,1;1010;1011,9;1010,4;1,5;4,9;351;;0
28/11/2025;12;26,2;26,6;23,8;66,4;78;61,9;19,5;22,4;16;1009;1010,5;1009,4;1,3;4,1;355;;0
28/11/2025;13;27,1;27,8;26,3;60,9;66,8;58,3;18,9;21;17,4;1009;1009,4;1008,5;1,6;4,8;327;;0,51
28/11/2025;14;27,4;27,8;26,7;62,2;64;58;19,5;20,4;17,8;1007;1008,6;1007,2;2;4,9;330;2455;0
28/11/2025;15;26;27,5;26;68,2;70;60,5;19,7;21,5;17,8;1008;1007,6;1007,1;1,6;5,3;336;1078;0
28/11/2025;16;24,1;26;24,1;79,8;79,8;68;20,4;22,2;17,8;1011;1010,6;1007,3;1,6;5,2;343;129,5;0,25
28/11/2025;17;21,7;24,1;21,7;86,1;87,9;79,8;19,3;21,9;18,1;1008;1011,2;1007,4;1,9;8,3;116;134,7;3,56
28/11/2025;18;22,5;22,7;21,7;82;87;82;19,3;20,4;18,5;1009;1009;1007,5;1,2;5,7;332;581,3;0
28/11/2025;19;21;22,5;21;86,4;87,1;80,8;18,7;20,3;17,6;1008;1009;1008;0,9;3,4;69;65,2;0
28/11/2025;20;20,9;21,1;20,7;88;88,3;86,4;18,8;19;18,4;1009;1008,8;1008,2;0,8;1,7;95;0,4;0
28/11/2025;21;20,7;20,9;20,6;88,3;89,1;87,2;18,7;19;18,4;1009;1009;1008,6;0,3;1,9;69;0;0
28/11/2025;22;20,8;21,3;20,6;89,4;90;88;19;19,6;18,6;1009;1009,4;1008,9;1;4;30;0;0
28/11/2025;23;20,5;20,9;20,4;90,2;90,2;88,2;18,8;19,3;18,3;1009;1009,2;1008,7;0,6;2,2;34;0;0
29/11/2025;00;20,2;20,5;20,1;93,1;93,1;90,2;19;19,4;18,5;1009;1008,8;1008,6;0,4;1,8;51;0;0
29/11/2025;01;19,7;20,3;19,7;93,1;93,4;92,6;18,6;19,2;18,5;1008;1008,6;1007,6;0,6;1,6;57;0;0
29/11/2025;02;19,5;19,7;19,4;94;94;92,9;18,5;18,7;18,3;1007;1007,7;1007,3;0,3;1,3;66;0;0
29/11/2025;03;19,1;19,5;19,1;94,3;94,4;93,9;18,2;18,6;18,1;1007;1007,3;1007;0,4;1,2;72;0;0
29/11/2025;04;19,1;19,5;18,9;93,6;94,9;93,3;18;18,7;17,8;1007;1007,3;1006,8;0,6;2,9;44;0;0
29/11/2025;05;18,7;19,1;18,7;93,6;94,4;93,3;17,7;18,2;17,6;1008;1008,3;1007,1;0,5;1,6;78;0,8;0
29/11/2025;06;19;19;18,7;94,6;94,6;93,5;18,1;18,1;17,6;1009;1009,1;1008,3;0,2;1,2;94;74,3;0
29/11/2025;07;21,5;21,5;19;88;94,6;87,7;19,4;20,6;16,9;1010;1009,5;1009,1;0,4;1,2;100;549,3;0
29/11/2025;08;23,6;23,7;21,5;81,2;88,1;79,3;20,2;21,6;17,8;1010;1010,1;1009,5;0,7;2,4;36;1781,7;0
29/11/2025;09;24,6;24,9;23,1;75,1;84,8;74,4;19,9;22,2;18,3;1010;1010,4;1010,1;1;2,5;4;2658,4;0
29/11/2025;10;25,2;25,4;24,2;73;78;72,4;20;21,3;18,9;1010;1010,4;1010,1;2,1;7;179;2996,7;0
29/11/2025;11;25,1;25,7;24,7;73,5;75,7;70,4;20;21,1;18,9;1010;1010,4;1010,1;2,7;6,9;187;3904,8;0
29/11/2025;12;25,3;25,5;24,7;71,1;76,4;70,4;19,7;21;19;1010;1010,2;1009,6;3,4;9,5;190;4195,6;0
29/11/2025;13;25,1;25,3;24,5;72,2;74,9;70,5;19,7;20,6;18,8;1009;1009,8;1009,2;3,5;8,4;196;4235,6;0
29/11/2025;14;24,7;25,3;24,6;72;74,5;69,7;19,3;20,4;18,7;1009;1009,4;1008,8;3,3;9,8;206;3963,8;0
29/11/2025;15;24,6;25,2;24,6;71,8;75,1;69,5;19,2;20,5;18,7;1009;1009;1008,5;3,1;8,4;200;3434,9;0
29/11/2025;16;24,6;25,1;24,1;70,7;73,3;68,9;19;20;18;1009;1008,9;1008,4;2,7;7,8;204;2535,1;0
29/11/2025;17;23,8;24,7;23,8;71,2;72,7;69,3;18,3;19,5;17,8;1009;1008,9;1008,5;2,6;6,9;210;1637,9;0
29/11/2025;18;22,4;23,8;22,4;75,5;75,7;71,1;17,9;19,3;16,9;1009;1009,4;1008,8;2,5;7,5;213;668;0
29/11/2025;19;21,9;22,4;21,9;76,4;76,6;75,3;17,5;18,1;17,3;1010;1010,1;1009,2;2,3;6,4;216;86,3;0
29/11/2025;20;21,6;21,9;21,6;77,5;77,7;75,9;17,5;17,8;17,1;1011;1010,6;1010,1;2,5;7,4;213;0,4;0
29/11/2025;21;21,4;21,6;21,4;78,7;78,8;77,4;17,6;17,8;17,3;1011;1011,5;1010,6;2,8;6,7;209;0;0
29/11/2025;22;21,6;21,6;21,4;78;79;77,8;17,6;17,8;17,4;1012;1011,8;1011,3;2,3;7;207;0;0
29/11/2025;23;21,7;21,8;21,6;78,1;78,7;77,8;17,8;18;17,5;1012;1012;1011,7;2,5;6,2;190;0;0
30/11/2025;00;21,7;21,8;21,6;78,1;78,6;77,5;17,7;17,9;17,5;1011;1011,8;1011,2;2,3;4,4;175;0;0
30/11/2025;01;21,3;21,7;21,3;77,3;78;76,6;17,1;17,7;17;1011;1011,3;1010,8;2;5,2;175;0;0
30/11/2025;02;21,4;21,4;21,2;76,2;77,4;75,1;17;17,3;16,6;1010;1010,8;1010,1;1,2;2,5;132;0;0
30/11/2025;03;21,3;21,5;21,3;76,8;77,1;75,1;17,1;17,3;16,7;1010;1010,3;1009,9;0,5;1,7;124;0;0
30/11/2025;04;20,8;21,3;20,8;80,6;80,7;76,9;17,4;17,9;16,6;1010;1010,1;1009,6;1,2;3,2;79;0;0
30/11/2025;05;20,7;20,8;20,6;81,8;81,9;80,3;17,5;17,6;17,1;1009;1010;1009,4;1,3;3,3;81;0,2;0
30/11/2025;06;21,4;21,4;20,7;81,8;82;81,1;18,2;18,2;17,4;1010;1010,2;1009,4;0,8;2,8;16;32,8;0
30/11/2025;07;22;22;21,3;82,6;83,6;81,3;18,9;19,1;18;1010;1010,5;1010;1,2;4,3;17;350,6;0
30/11/2025;08;23,1;23,4;21,9;76,9;82,7;75,5;18,9;20,2;17,4;1010;1010,5;1010,1;1,7;5;17;1637,6;0
30/11/2025;09;24,6;24,6;23,1;73,2;78,1;72,7;19,4;20,6;18;1011;1011;1010,5;1,8;5,6;355;2623,5;0
30/11/2025;10;25,4;25,8;24,6;69;74,2;68,3;19,3;20,9;18,3;1011;1011;1010,8;1,5;4,3;349;3095,1;0
30/11/2025;11;23,8;25,7;23,8;77,8;77,8;69;19,7;21,5;17,7;1011;1011,1;1010,8;2;5,7;195;1325,4;0
30/11/2025;12;22,9;23,8;22,9;76,6;81,3;76,5;18,6;20,4;18,5;1011;1011,1;1010,7;2,4;6,8;181;1365,8;0
30/11/2025;13;22,8;23,3;22,6;77,3;78,5;75,4;18,6;19,4;18;1010;1010,8;1010,3;1,5;4,7;178;1343,3;0
30/11/2025;14;21,7;22,8;21,7;81,4;82,2;77;18,4;19,6;17,5;1010;1010,6;1010,3;1,6;5,8;216;444,6;0
30/11/2025;15;21,3;21,8;21,2;84,3;84,6;79,8;18,6;19,1;17,5;1010;1010,5;1010,1;2;6,7;215;343,9;0
30/11/2025;16;21,2;21,3;21,1;83,2;84,6;82,8;18,2;18,6;18;1010;1010,2;1009,9;2,1;6,6;206;435,9;0
30/11/2025;17;20,7;21,2;20,7;84,3;85;83;18;18,6;17,7;1010;1010,1;1009,7;2,7;6,3;210;445,4;0
30/11/2025;18;20,8;21,1;20,7;83,9;84,7;80,9;17,9;18,4;17,3;1010;1010,1;1009,7;1,7;5,6;200;237,5;0
30/11/2025;19;20,6;21;20,6;85,1;85,2;82,3;18;18,4;17,4;1010;1010,5;1009,8;1,4;4,8;191;35,9;0
30/11/2025;20;20,7;20,7;20,5;81,9;85,6;81,9;17,5;18,2;17,3;1011;1011,4;1010,3;0,9;3,6;183;0,2;0
30/11/2025;21;21;21;20,7;83,1;83,1;81,3;18;18;17,4;1011;1011,7;1011,3;0,9;3;183;0;0
30/11/2025;22;20,9;21,1;20,9;83,3;83,6;81,9;18;18,2;17,7;1011;1011,7;1011,3;0,8;2,2;126;0;0
30/11/2025;23;20,7;21;20,7;84,4;84,8;83,2;18;18,3;17,7;1011;1011,3;1010,9;0,9;2;120;0;0
